type	zjs_name	target	function_containing_target
0x00	ZJT_START_DOC	0x10009efe	hp1020_zjs_parser_entry_candidate
0x01	ZJT_END_DOC	0x1000a1b3	hp1020_zjs_parser_entry_candidate
0x02	ZJT_START_PAGE	0x10009f86	hp1020_zjs_parser_entry_candidate
0x03	ZJT_END_PAGE	0x1000a19e	hp1020_zjs_parser_entry_candidate
0x04	ZJT_JBIG_BIH	0x1000a006	hp1020_zjs_parser_entry_candidate
0x05	ZJT_JBIG_BID	0x1000a014	hp1020_zjs_parser_entry_candidate
0x06	ZJT_END_JBIG	0x1000a053	hp1020_zjs_parser_entry_candidate
0x07	ZJT_SIGNATURE	0x1000a1ef	hp1020_zjs_parser_entry_candidate
0x08	ZJT_RAW_IMAGE	0x1000a1ef	hp1020_zjs_parser_entry_candidate
0x09	ZJT_START_PLANE	0x1000a1ef	hp1020_zjs_parser_entry_candidate
0x0a	ZJT_END_PLANE	0x1000a173	hp1020_zjs_parser_entry_candidate
0x0b	ZJT_2600N_PAUSE	0x1000a1d6	hp1020_zjs_parser_entry_candidate
0x0c	ZJT_2600N	0x1000a05d	hp1020_zjs_parser_entry_candidate
