index	entry_address	lock_address	word0	value_pointer	type	word3	word4	word5	current_value	pointer_string	working_note
0x00	1001ce14	0x1002c0b0	0x0	0x0	0	0x1000000	0x10000	0x2			
0x01	1001ce2c	0x1002c0cc	0x1	0x0	4	0x1000000	0x100000	0x2			
0x02	1001ce44	0x1002c0e8	0x2	0x0	0	0x1000000	0x10000	0x2			
0x03	1001ce5c	0x1002c104	0x3	0x0	0	0x1000000	0x10000	0x2			
0x04	1001ce74	0x1002c120	0x4	0x0	3	0x1000000	0x70000	0x1			event-flag slot used by JAMRECOVERY/status flag path
0x05	1001ce8c	0x1002c13c	0x5	0x0	4	0x1000000	0x40000	0x2			
0x06	1001cea4	0x1002c158	0x6	0x0	2	0x1000000	0x40000	0x2			
0x07	1001cebc	0x1002c174	0x7	0x0	2	0x1000000	0x40000	0x2			
0x08	1001ced4	0x1002c190	0x8	0x0	0	0x1000000	0x10000	0x2			
0x09	1001ceec	0x1002c1ac	0x9	0x0	0	0x1000000	0x10000	0x2			TIMEOUT status variable backing slot
0x0a	1001cf04	0x1002c1c8	0xa	0x0	0	0x1000000	0x10000	0x2			AUTOCONT status variable backing slot
0x0b	1001cf1c	0x1002c1e4	0xb	0x0	4	0x1000000	0x80000	0x2			
0x0c	1001cf34	0x1002c200	0xc	0x0	0	0x1000000	0x10000	0x2			
0x0d	1001cf4c	0x1002c21c	0xd	0x0	0	0x1000000	0x10000	0x2			TONEREXP/status variable backing slot
0x0e	1001cf64	0x1002c238	0xe	0x0	0	0x1000000	0x10000	0x2			
0x0f	1001cf7c	0x1002c254	0xf	0x0	0	0x1000000	0x10000	0x2			DENSITY/status variable backing slot
0x10	1001cf94	0x1002c270	0x10	0x0	1	0x1000000	0x20000	0x2			SETERROR/status variable backing slot
0x11	1001cfac	0x1002c28c	0x11	0x0	1	0x1000000	0x20000	0x2			MEDIA513/status variable backing slot
0x12	1001cfc4	0x1002c2a8	0x12	0x0	1	0x1000000	0x20000	0x2			MEDIA514/status variable backing slot
0x13	1001cfdc	0x1002c2c4	0x13	0x0	1	0x1000000	0x20000	0x2			MEDIA515/status variable backing slot
0x14	1001cff4	0x1002c2e0	0x14	0x0	1	0x1000000	0x20000	0x2			MEDIA516/status variable backing slot
0x15	1001d00c	0x1002c2fc	0x15	0x0	0	0x1000000	0x10000	0x2			
0x16	1001d024	0x1002c318	0x16	0x0	2	0x1000000	0x40000	0x2			
0x17	1001d03c	0x1002c334	0x17	0x1001cdb0	0	0x0	0x10000	0x2	u8:17		
0x18	1001d054	0x1002c350	0x18	0x1001cdb1	0	0x0	0x10000	0x2	u8:0		PJL ONLINE boolean used by USTATUS DEVICE builder
0x19	1001d06c	0x1002c36c	0x19	0x1001cdb4	2	0x0	0x40000	0x2	u32:0x0		USB/status notification enable flag
0x1a	1001d084	0x1002c388	0x1a	0x1001cdbc	4	0x0	0x440000	0x2	ptr/string:		PJL DISPLAY string pointer used by USTATUS DEVICE builder
0x1b	1001d09c	0x1002c3a4	0x1b	0x1001cdb8	2	0x0	0x40000	0x2	u32:0x0		StatusMgr USTATUS timing/enable slot
0x1c	1001d0b4	0x1002c3c0	0x1c	0x10030dd8	2	0x0	0x40000	0x2			
0x1d	1001d0cc	0x1002c3dc	0x1d	0x10030de8	4	0x0	0xa80000	0x2	ptr/string:		PJL INFO capability/state aggregate
0x1e	1001d0e4	0x1002c3f8	0x1e	0x1001bfb0	3	0x0	0x220000	0x0	ptr/string:HP LaserJet 1020	HP LaserJet 1020	PJL command parser writable aggregate
0x1f	1001d0fc	0x1002c414	0x1f	0x1001ce00	4	0x0	0x100000	0x2	ptr/string:		status-code lookup state object pointer
0x20	1001d114	0x1002c430	0x20	0x1001ce10	2	0x0	0x40000	0x2	u32:0x1		video/page preparation config value
0x21	1001d12c	0x1002c44c	0x21	0x10030dde	0	0x0	0x10000	0x2			
0x22	1001d144	0x1002c468	0x22	0x10030dd4	2	0x0	0x40000	0x2			
0x23	1001d15c	0x1002c484	0x23	0x10030dcc	0	0x0	0x10000	0x2			
0x24	1001d174	0x1002c4a0	0x24	0x10030de2	0	0x0	0x10000	0x2			JAMRECOVERY/status alternate backing slot
0x25	1001d18c	0x1002c4bc	0x25	0x10030de3	0	0x0	0x10000	0x2			PAPERLESS/status variable backing slot
