index	helper	call_address	function_address	function_name
0x00	unlock	10011170	10010fd0	hp1020_event_flag_set_candidate
0x01	lock	1000f874	1000f84c	FUN_1000f84c
0x01	unlock	1000fab5	1000f84c	FUN_1000f84c
0x09	get	1000b8c9	1000b870	hp1020_pjl_status_table_get_candidate
0x0a	get	1000b8bd	1000b870	hp1020_pjl_status_table_get_candidate
0x0c	unlock	100112ce	10011258	hp1020_register_event_handler_candidate
0x0c	unlock	100113df	1001135c	hp1020_register_or_signal_message_candidate
0x0d	get	1000aeae	1000ae94	FUN_1000ae94
0x0d	get	1000b926	1000b870	hp1020_pjl_status_table_get_candidate
0x0f	get	1000b8d5	1000b870	hp1020_pjl_status_table_get_candidate
0x10	unlock	1000b90d	1000b870	hp1020_pjl_status_table_get_candidate
0x10	get	1000b948	1000b870	hp1020_pjl_status_table_get_candidate
0x10	get	1000b955	1000b870	hp1020_pjl_status_table_get_candidate
0x11	get	1000b966	1000b870	hp1020_pjl_status_table_get_candidate
0x11	get	1000b972	1000b870	hp1020_pjl_status_table_get_candidate
0x12	get	1000b984	1000b870	hp1020_pjl_status_table_get_candidate
0x12	get	1000b991	1000b870	hp1020_pjl_status_table_get_candidate
0x13	get	1000b9a2	1000b870	hp1020_pjl_status_table_get_candidate
0x13	get	1000b9ae	1000b870	hp1020_pjl_status_table_get_candidate
0x14	get	1000b9c0	1000b870	hp1020_pjl_status_table_get_candidate
0x14	get	1000b9cd	1000b870	hp1020_pjl_status_table_get_candidate
0x18	get	1000b6ae	1000b624	FUN_1000b624
0x19	get	10009794	10008ff0	hp1020_usb2_thread
0x19	get	1000bfb8	1000bfb0	FUN_1000bfb0
0x19	get	10010778	10010590	hp1020_status_mgr_thread_candidate
0x1b	get	10010709	10010590	hp1020_status_mgr_thread_candidate
0x1d	lock	1000bd10	1000bd04	hp1020_pjl_info_capabilities_builder
0x1d	unlock	1000bdd4	1000bd04	hp1020_pjl_info_capabilities_builder
0x1d	lock	1000f1ce	1000f1c4	FUN_1000f1c4
0x1d	unlock	1000f1f6	1000f1c4	FUN_1000f1c4
0x1d	lock	1000f869	1000f84c	FUN_1000f84c
0x1d	unlock	1000faad	1000f84c	FUN_1000f84c
0x1d	lock	100100b0	100100a8	FUN_100100a8
0x1d	unlock	100100dc	100100a8	FUN_100100a8
0x1f	lock	1000a2b1	1000a2a4	hp1020_status_word_to_pjl_code_candidate
0x1f	unlock	1000a32d	1000a2a4	hp1020_status_word_to_pjl_code_candidate
0x20	get	10014925	10014910	hp1020_video_prepare_page_candidate
0x24	get	1000b932	1000b870	hp1020_pjl_status_table_get_candidate
0x25	get	1000b8e6	1000b870	hp1020_pjl_status_table_get_candidate
0x25	get	1000b8f2	1000b870	hp1020_pjl_status_table_get_candidate
