message	target	instruction_address	instruction	call_target
0x0b	0x1000f392	1000f392	l32i.n a11,a1,0xc	none
0x0b	0x1000f392	1000f394	movi.n a10,0x1	none
0x0b	0x1000f392	1000f396	j 0x1000f380	none
0x0b	0x1000f392	1000f399	movi.n a8,0x1	none
0x0b	0x1000f392	1000f39b	l8ui a9,a5,0x0	none
0x0b	0x1000f392	1000f39e	s32i.n a8,a5,0x4	none
0x0b	0x1000f392	1000f3a0	bnez.n a9,0x1000f3a5	none
0x0b	0x1000f392	1000f3a2	s8i a9,a5,0x2	none
0x0b	0x1000f392	1000f3a5	mov.n a10,a4	none
0x0b	0x1000f392	1000f3a7	mov.n a11,a1	none
0x0b	0x1000f392	1000f3a9	mov a1,a1	none
0x0b	0x1000f392	1000f3ac	call8 0x10013658	0x10013658 hp1020_queue_send_candidate
0x0b	0x1000f392	1000f3af	l32r a7,0x10006340	none
0x0b	0x1000f392	1000f3b2	l32i.n a8,a7,0x0	none
0x0b	0x1000f392	1000f3b4	beqi a8,0x3,0x1000f3c0	none
0x0b	0x1000f392	1000f3b7	mov a1,a1	none
0x0b	0x1000f392	1000f3ba	call8 0x10010158	0x10010158 hp1020_print_mgr_clear_pending_media_candidate
0x0b	0x1000f392	1000f3bd	s32i a4,a5,0xc	none
0x0c	0x1000f37a	1000f37a	l32i a11,a1,0xc	none
0x0c	0x1000f37a	1000f37d	movi a10,0x0	none
0x0c	0x1000f37a	1000f380	mov a1,a1	none
0x0c	0x1000f37a	1000f383	call8 0x10010298	0x10010298
0x0c	0x1000f37a	1000f386	mov a10,a1	none
0x0c	0x1000f37a	1000f389	mov a1,a1	none
0x0c	0x1000f37a	1000f38c	call8 0x10010230	0x10010230
0x0c	0x1000f37a	1000f38f	j 0x1000f55b	none
0x0c	0x1000f37a	1000f392	l32i.n a11,a1,0xc	none
0x0c	0x1000f37a	1000f394	movi.n a10,0x1	none
0x0c	0x1000f37a	1000f396	j 0x1000f380	none
0x0c	0x1000f37a	1000f399	movi.n a8,0x1	none
0x0c	0x1000f37a	1000f39b	l8ui a9,a5,0x0	none
0x0c	0x1000f37a	1000f39e	s32i.n a8,a5,0x4	none
0x0c	0x1000f37a	1000f3a0	bnez.n a9,0x1000f3a5	none
0x0c	0x1000f37a	1000f3a2	s8i a9,a5,0x2	none
0x0c	0x1000f37a	1000f3a5	mov.n a10,a4	none
0x0c	0x1000f37a	1000f3a7	mov.n a11,a1	none
0x0d	0x1000f358	1000f358	l32r a10,0x1000632c	none
0x0d	0x1000f358	1000f35b	mov.n a11,a1	none
0x0d	0x1000f358	1000f35d	movi.n a12,0xff	none
0x0d	0x1000f358	1000f35f	mov a1,a1	none
0x0d	0x1000f358	1000f362	call8 0x1001809c	0x1001809c
0x0d	0x1000f358	1000f365	l32i.n a8,a1,0x0	none
0x0d	0x1000f358	1000f367	addi a9,a8,-0xb	none
0x0d	0x1000f358	1000f36a	movi.n a8,0x38	none
0x0d	0x1000f358	1000f36c	bltu a8,a9,0x1000f358	none
0x0d	0x1000f358	1000f36f	l32r a8,0x10006360	none
0x0d	0x1000f358	1000f372	addx4 a8,a9,a8	none
0x0d	0x1000f358	1000f375	l32i.n a8,a8,0x0	none
0x0d	0x1000f358	1000f377	jx a8	none
0x0d	0x1000f358	1000f37a	l32i a11,a1,0xc	none
0x0d	0x1000f358	1000f37d	movi a10,0x0	none
0x0d	0x1000f358	1000f380	mov a1,a1	none
0x0d	0x1000f358	1000f383	call8 0x10010298	0x10010298
0x0d	0x1000f358	1000f386	mov a10,a1	none
0x0e	0x1000f44c	1000f44c	l32r a10,0x10006324	none
0x0e	0x1000f44c	1000f44f	mov a1,a1	none
0x0e	0x1000f44c	1000f452	call8 0x100130bc	0x100130bc hp1020_list_peek_candidate
0x0e	0x1000f44c	1000f455	beqz a10,0x1000f55b	none
0x0e	0x1000f44c	1000f458	movi.n a8,0x2	none
0x0e	0x1000f44c	1000f45a	s32i a8,a10,0x4	none
0x0e	0x1000f44c	1000f45d	j 0x1000f55b	none
0x0e	0x1000f44c	1000f460	l32r a10,0x10006324	none
0x0e	0x1000f44c	1000f463	mov a1,a1	none
0x0e	0x1000f44c	1000f466	call8 0x100130bc	0x100130bc hp1020_list_peek_candidate
0x0e	0x1000f44c	1000f469	beqz a10,0x1000f358	none
0x0e	0x1000f44c	1000f46c	movi.n a8,0x4	none
0x0e	0x1000f44c	1000f46e	s32i a8,a10,0x4	none
0x0e	0x1000f44c	1000f471	j 0x1000f55b	none
0x0e	0x1000f44c	1000f474	movi.n a8,0x3	none
0x0e	0x1000f44c	1000f476	s32i.n a8,a5,0xc	none
0x0e	0x1000f44c	1000f478	movi.n a10,0x0	none
0x0e	0x1000f44c	1000f47a	j 0x1000f550	none
0x0f	0x1000f399	1000f399	movi.n a8,0x1	none
0x0f	0x1000f399	1000f39b	l8ui a9,a5,0x0	none
0x0f	0x1000f399	1000f39e	s32i.n a8,a5,0x4	none
0x0f	0x1000f399	1000f3a0	bnez.n a9,0x1000f3a5	none
0x0f	0x1000f399	1000f3a2	s8i a9,a5,0x2	none
0x0f	0x1000f399	1000f3a5	mov.n a10,a4	none
0x0f	0x1000f399	1000f3a7	mov.n a11,a1	none
0x0f	0x1000f399	1000f3a9	mov a1,a1	none
0x0f	0x1000f399	1000f3ac	call8 0x10013658	0x10013658 hp1020_queue_send_candidate
0x0f	0x1000f399	1000f3af	l32r a7,0x10006340	none
0x0f	0x1000f399	1000f3b2	l32i.n a8,a7,0x0	none
0x0f	0x1000f399	1000f3b4	beqi a8,0x3,0x1000f3c0	none
0x0f	0x1000f399	1000f3b7	mov a1,a1	none
0x0f	0x1000f399	1000f3ba	call8 0x10010158	0x10010158 hp1020_print_mgr_clear_pending_media_candidate
0x0f	0x1000f399	1000f3bd	s32i a4,a5,0xc	none
0x0f	0x1000f399	1000f3c0	l32i.n a8,a1,0x4	none
0x0f	0x1000f399	1000f3c2	bnei a8,0x2,0x1000f358	none
0x0f	0x1000f399	1000f3c5	s32i.n a4,a7,0x0	none
0x10	0x1000f460	1000f460	l32r a10,0x10006324	none
0x10	0x1000f460	1000f463	mov a1,a1	none
0x10	0x1000f460	1000f466	call8 0x100130bc	0x100130bc hp1020_list_peek_candidate
0x10	0x1000f460	1000f469	beqz a10,0x1000f358	none
0x10	0x1000f460	1000f46c	movi.n a8,0x4	none
0x10	0x1000f460	1000f46e	s32i a8,a10,0x4	none
0x10	0x1000f460	1000f471	j 0x1000f55b	none
0x10	0x1000f460	1000f474	movi.n a8,0x3	none
0x10	0x1000f460	1000f476	s32i.n a8,a5,0xc	none
0x10	0x1000f460	1000f478	movi.n a10,0x0	none
0x10	0x1000f460	1000f47a	j 0x1000f550	none
0x10	0x1000f460	1000f47d	s32i.n a4,a5,0xc	none
0x10	0x1000f460	1000f47f	movi a10,0x4	none
0x10	0x1000f460	1000f482	j 0x1000f550	none
0x10	0x1000f460	1000f485	l8ui a8,a1,0x7	none
0x10	0x1000f460	1000f488	mov a10,a1	none
0x10	0x1000f460	1000f48b	s8i a8,a5,0x2	none
0x10	0x1000f460	1000f48e	s8i a8,a5,0x3	none
0x11	0x1000f3ca	1000f3ca	mov a10,a1	none
0x11	0x1000f3ca	1000f3cd	call8 0x1000f814	0x1000f814
0x11	0x1000f3ca	1000f3d0	j 0x1000f55b	none
0x11	0x1000f3ca	1000f3d3	l32i a8,a5,0x4	none
0x11	0x1000f3ca	1000f3d6	bnei a8,0x1,0x1000f417	none
0x11	0x1000f3ca	1000f3d9	l32r a10,0x10006328	none
0x11	0x1000f3ca	1000f3dc	mov a1,a1	none
0x11	0x1000f3ca	1000f3df	call8 0x10013050	0x10013050 hp1020_list_pop_candidate
0x11	0x1000f3ca	1000f3e2	beqz.n a10,0x1000f3ed	none
0x11	0x1000f3ca	1000f3e4	mov a1,a1	none
0x11	0x1000f3ca	1000f3e7	call8 0x10013408	0x10013408
0x11	0x1000f3ca	1000f3ea	j 0x1000f3d9	none
0x11	0x1000f3ca	1000f3ed	l32r a10,0x10006324	none
0x11	0x1000f3ca	1000f3f0	mov a1,a1	none
0x11	0x1000f3ca	1000f3f3	call8 0x10013050	0x10013050 hp1020_list_pop_candidate
0x11	0x1000f3ca	1000f3f6	beqz.n a10,0x1000f401	none
0x11	0x1000f3ca	1000f3f8	mov a1,a1	none
0x11	0x1000f3ca	1000f3fb	call8 0x10013408	0x10013408
0x12	0x1000f358	1000f358	l32r a10,0x1000632c	none
0x12	0x1000f358	1000f35b	mov.n a11,a1	none
0x12	0x1000f358	1000f35d	movi.n a12,0xff	none
0x12	0x1000f358	1000f35f	mov a1,a1	none
0x12	0x1000f358	1000f362	call8 0x1001809c	0x1001809c
0x12	0x1000f358	1000f365	l32i.n a8,a1,0x0	none
0x12	0x1000f358	1000f367	addi a9,a8,-0xb	none
0x12	0x1000f358	1000f36a	movi.n a8,0x38	none
0x12	0x1000f358	1000f36c	bltu a8,a9,0x1000f358	none
0x12	0x1000f358	1000f36f	l32r a8,0x10006360	none
0x12	0x1000f358	1000f372	addx4 a8,a9,a8	none
0x12	0x1000f358	1000f375	l32i.n a8,a8,0x0	none
0x12	0x1000f358	1000f377	jx a8	none
0x12	0x1000f358	1000f37a	l32i a11,a1,0xc	none
0x12	0x1000f358	1000f37d	movi a10,0x0	none
0x12	0x1000f358	1000f380	mov a1,a1	none
0x12	0x1000f358	1000f383	call8 0x10010298	0x10010298
0x12	0x1000f358	1000f386	mov a10,a1	none
0x13	0x1000f358	1000f358	l32r a10,0x1000632c	none
0x13	0x1000f358	1000f35b	mov.n a11,a1	none
0x13	0x1000f358	1000f35d	movi.n a12,0xff	none
0x13	0x1000f358	1000f35f	mov a1,a1	none
0x13	0x1000f358	1000f362	call8 0x1001809c	0x1001809c
0x13	0x1000f358	1000f365	l32i.n a8,a1,0x0	none
0x13	0x1000f358	1000f367	addi a9,a8,-0xb	none
0x13	0x1000f358	1000f36a	movi.n a8,0x38	none
0x13	0x1000f358	1000f36c	bltu a8,a9,0x1000f358	none
0x13	0x1000f358	1000f36f	l32r a8,0x10006360	none
0x13	0x1000f358	1000f372	addx4 a8,a9,a8	none
0x13	0x1000f358	1000f375	l32i.n a8,a8,0x0	none
0x13	0x1000f358	1000f377	jx a8	none
0x13	0x1000f358	1000f37a	l32i a11,a1,0xc	none
0x13	0x1000f358	1000f37d	movi a10,0x0	none
0x13	0x1000f358	1000f380	mov a1,a1	none
0x13	0x1000f358	1000f383	call8 0x10010298	0x10010298
0x13	0x1000f358	1000f386	mov a10,a1	none
0x14	0x1000f474	1000f474	movi.n a8,0x3	none
0x14	0x1000f474	1000f476	s32i.n a8,a5,0xc	none
0x14	0x1000f474	1000f478	movi.n a10,0x0	none
0x14	0x1000f474	1000f47a	j 0x1000f550	none
0x14	0x1000f474	1000f47d	s32i.n a4,a5,0xc	none
0x14	0x1000f474	1000f47f	movi a10,0x4	none
0x14	0x1000f474	1000f482	j 0x1000f550	none
0x14	0x1000f474	1000f485	l8ui a8,a1,0x7	none
0x14	0x1000f474	1000f488	mov a10,a1	none
0x14	0x1000f474	1000f48b	s8i a8,a5,0x2	none
0x14	0x1000f474	1000f48e	s8i a8,a5,0x3	none
0x14	0x1000f474	1000f491	call8 0x1000f574	0x1000f574 hp1020_print_mgr_schedule_or_advance_candidate
0x14	0x1000f474	1000f494	j 0x1000f358	none
0x14	0x1000f474	1000f497	l32i.n a10,a1,0x4	none
0x14	0x1000f474	1000f499	movi.n a8,0x18	none
0x14	0x1000f474	1000f49b	beq a10,a8,0x1000f4a1	none
0x14	0x1000f474	1000f49e	j 0x1000f55b	none
0x14	0x1000f474	1000f4a1	l32i a8,a1,0x8	none
0x15	0x1000f47d	1000f47d	s32i.n a4,a5,0xc	none
0x15	0x1000f47d	1000f47f	movi a10,0x4	none
0x15	0x1000f47d	1000f482	j 0x1000f550	none
0x15	0x1000f47d	1000f485	l8ui a8,a1,0x7	none
0x15	0x1000f47d	1000f488	mov a10,a1	none
0x15	0x1000f47d	1000f48b	s8i a8,a5,0x2	none
0x15	0x1000f47d	1000f48e	s8i a8,a5,0x3	none
0x15	0x1000f47d	1000f491	call8 0x1000f574	0x1000f574 hp1020_print_mgr_schedule_or_advance_candidate
0x15	0x1000f47d	1000f494	j 0x1000f358	none
0x15	0x1000f47d	1000f497	l32i.n a10,a1,0x4	none
0x15	0x1000f47d	1000f499	movi.n a8,0x18	none
0x15	0x1000f47d	1000f49b	beq a10,a8,0x1000f4a1	none
0x15	0x1000f47d	1000f49e	j 0x1000f55b	none
0x15	0x1000f47d	1000f4a1	l32i a8,a1,0x8	none
0x15	0x1000f47d	1000f4a4	bnez.n a8,0x1000f4ac	none
0x15	0x1000f47d	1000f4a6	s8i a8,a5,0x1	none
0x15	0x1000f47d	1000f4a9	j 0x1000f358	none
0x15	0x1000f47d	1000f4ac	movi a8,0x1	none
0x16	0x1000f485	1000f485	l8ui a8,a1,0x7	none
0x16	0x1000f485	1000f488	mov a10,a1	none
0x16	0x1000f485	1000f48b	s8i a8,a5,0x2	none
0x16	0x1000f485	1000f48e	s8i a8,a5,0x3	none
0x16	0x1000f485	1000f491	call8 0x1000f574	0x1000f574 hp1020_print_mgr_schedule_or_advance_candidate
0x16	0x1000f485	1000f494	j 0x1000f358	none
0x16	0x1000f485	1000f497	l32i.n a10,a1,0x4	none
0x16	0x1000f485	1000f499	movi.n a8,0x18	none
0x16	0x1000f485	1000f49b	beq a10,a8,0x1000f4a1	none
0x16	0x1000f485	1000f49e	j 0x1000f55b	none
0x16	0x1000f485	1000f4a1	l32i a8,a1,0x8	none
0x16	0x1000f485	1000f4a4	bnez.n a8,0x1000f4ac	none
0x16	0x1000f485	1000f4a6	s8i a8,a5,0x1	none
0x16	0x1000f485	1000f4a9	j 0x1000f358	none
0x16	0x1000f485	1000f4ac	movi a8,0x1	none
0x16	0x1000f485	1000f4af	l8ui a9,a5,0x0	none
0x16	0x1000f485	1000f4b2	s8i a8,a5,0x1	none
0x16	0x1000f485	1000f4b5	bnei a9,0x1,0x1000f4bb	none
0x17	0x1000f4c2	1000f4c2	l32i.n a8,a1,0x4	none
0x17	0x1000f4c2	1000f4c4	addi a10,a1,0x20	none
0x17	0x1000f4c2	1000f4c7	s32i.n a8,a1,0x20	none
0x17	0x1000f4c2	1000f4c9	call8 0x1000fdbc	0x1000fdbc
0x17	0x1000f4c2	1000f4cc	mov.n a6,a10	none
0x17	0x1000f4c2	1000f4ce	beqi a6,0x1,0x1000f4d4	none
0x17	0x1000f4c2	1000f4d1	j 0x1000f358	none
0x17	0x1000f4c2	1000f4d4	mov.n a10,a1	none
0x17	0x1000f4c2	1000f4d6	mov a1,a1	none
0x17	0x1000f4c2	1000f4d9	call8 0x10010230	0x10010230
0x17	0x1000f4c2	1000f4dc	l32i.n a10,a1,0x20	none
0x17	0x1000f4c2	1000f4de	l32r a11,0x10006358	none
0x17	0x1000f4c2	1000f4e1	l32r a8,0x1000635c	none
0x17	0x1000f4c2	1000f4e4	s32i a10,a5,0x10	none
0x17	0x1000f4c2	1000f4e7	and a9,a10,a11	none
0x17	0x1000f4c2	1000f4ea	beq a9,a8,0x1000f4f8	none
0x17	0x1000f4c2	1000f4ed	beq a9,a11,0x1000f4f8	none
0x17	0x1000f4c2	1000f4f0	l32r a8,0x10005e34	none
0x18	0x1000f358	1000f358	l32r a10,0x1000632c	none
0x18	0x1000f358	1000f35b	mov.n a11,a1	none
0x18	0x1000f358	1000f35d	movi.n a12,0xff	none
0x18	0x1000f358	1000f35f	mov a1,a1	none
0x18	0x1000f358	1000f362	call8 0x1001809c	0x1001809c
0x18	0x1000f358	1000f365	l32i.n a8,a1,0x0	none
0x18	0x1000f358	1000f367	addi a9,a8,-0xb	none
0x18	0x1000f358	1000f36a	movi.n a8,0x38	none
0x18	0x1000f358	1000f36c	bltu a8,a9,0x1000f358	none
0x18	0x1000f358	1000f36f	l32r a8,0x10006360	none
0x18	0x1000f358	1000f372	addx4 a8,a9,a8	none
0x18	0x1000f358	1000f375	l32i.n a8,a8,0x0	none
0x18	0x1000f358	1000f377	jx a8	none
0x18	0x1000f358	1000f37a	l32i a11,a1,0xc	none
0x18	0x1000f358	1000f37d	movi a10,0x0	none
0x18	0x1000f358	1000f380	mov a1,a1	none
0x18	0x1000f358	1000f383	call8 0x10010298	0x10010298
0x18	0x1000f358	1000f386	mov a10,a1	none
0x19	0x1000f358	1000f358	l32r a10,0x1000632c	none
0x19	0x1000f358	1000f35b	mov.n a11,a1	none
0x19	0x1000f358	1000f35d	movi.n a12,0xff	none
0x19	0x1000f358	1000f35f	mov a1,a1	none
0x19	0x1000f358	1000f362	call8 0x1001809c	0x1001809c
0x19	0x1000f358	1000f365	l32i.n a8,a1,0x0	none
0x19	0x1000f358	1000f367	addi a9,a8,-0xb	none
0x19	0x1000f358	1000f36a	movi.n a8,0x38	none
0x19	0x1000f358	1000f36c	bltu a8,a9,0x1000f358	none
0x19	0x1000f358	1000f36f	l32r a8,0x10006360	none
0x19	0x1000f358	1000f372	addx4 a8,a9,a8	none
0x19	0x1000f358	1000f375	l32i.n a8,a8,0x0	none
0x19	0x1000f358	1000f377	jx a8	none
0x19	0x1000f358	1000f37a	l32i a11,a1,0xc	none
0x19	0x1000f358	1000f37d	movi a10,0x0	none
0x19	0x1000f358	1000f380	mov a1,a1	none
0x19	0x1000f358	1000f383	call8 0x10010298	0x10010298
0x19	0x1000f358	1000f386	mov a10,a1	none
0x1a	0x1000f358	1000f358	l32r a10,0x1000632c	none
0x1a	0x1000f358	1000f35b	mov.n a11,a1	none
0x1a	0x1000f358	1000f35d	movi.n a12,0xff	none
0x1a	0x1000f358	1000f35f	mov a1,a1	none
0x1a	0x1000f358	1000f362	call8 0x1001809c	0x1001809c
0x1a	0x1000f358	1000f365	l32i.n a8,a1,0x0	none
0x1a	0x1000f358	1000f367	addi a9,a8,-0xb	none
0x1a	0x1000f358	1000f36a	movi.n a8,0x38	none
0x1a	0x1000f358	1000f36c	bltu a8,a9,0x1000f358	none
0x1a	0x1000f358	1000f36f	l32r a8,0x10006360	none
0x1a	0x1000f358	1000f372	addx4 a8,a9,a8	none
0x1a	0x1000f358	1000f375	l32i.n a8,a8,0x0	none
0x1a	0x1000f358	1000f377	jx a8	none
0x1a	0x1000f358	1000f37a	l32i a11,a1,0xc	none
0x1a	0x1000f358	1000f37d	movi a10,0x0	none
0x1a	0x1000f358	1000f380	mov a1,a1	none
0x1a	0x1000f358	1000f383	call8 0x10010298	0x10010298
0x1a	0x1000f358	1000f386	mov a10,a1	none
0x1b	0x1000f358	1000f358	l32r a10,0x1000632c	none
0x1b	0x1000f358	1000f35b	mov.n a11,a1	none
0x1b	0x1000f358	1000f35d	movi.n a12,0xff	none
0x1b	0x1000f358	1000f35f	mov a1,a1	none
0x1b	0x1000f358	1000f362	call8 0x1001809c	0x1001809c
0x1b	0x1000f358	1000f365	l32i.n a8,a1,0x0	none
0x1b	0x1000f358	1000f367	addi a9,a8,-0xb	none
0x1b	0x1000f358	1000f36a	movi.n a8,0x38	none
0x1b	0x1000f358	1000f36c	bltu a8,a9,0x1000f358	none
0x1b	0x1000f358	1000f36f	l32r a8,0x10006360	none
0x1b	0x1000f358	1000f372	addx4 a8,a9,a8	none
0x1b	0x1000f358	1000f375	l32i.n a8,a8,0x0	none
0x1b	0x1000f358	1000f377	jx a8	none
0x1b	0x1000f358	1000f37a	l32i a11,a1,0xc	none
0x1b	0x1000f358	1000f37d	movi a10,0x0	none
0x1b	0x1000f358	1000f380	mov a1,a1	none
0x1b	0x1000f358	1000f383	call8 0x10010298	0x10010298
0x1b	0x1000f358	1000f386	mov a10,a1	none
0x1c	0x1000f358	1000f358	l32r a10,0x1000632c	none
0x1c	0x1000f358	1000f35b	mov.n a11,a1	none
0x1c	0x1000f358	1000f35d	movi.n a12,0xff	none
0x1c	0x1000f358	1000f35f	mov a1,a1	none
0x1c	0x1000f358	1000f362	call8 0x1001809c	0x1001809c
0x1c	0x1000f358	1000f365	l32i.n a8,a1,0x0	none
0x1c	0x1000f358	1000f367	addi a9,a8,-0xb	none
0x1c	0x1000f358	1000f36a	movi.n a8,0x38	none
0x1c	0x1000f358	1000f36c	bltu a8,a9,0x1000f358	none
0x1c	0x1000f358	1000f36f	l32r a8,0x10006360	none
0x1c	0x1000f358	1000f372	addx4 a8,a9,a8	none
0x1c	0x1000f358	1000f375	l32i.n a8,a8,0x0	none
0x1c	0x1000f358	1000f377	jx a8	none
0x1c	0x1000f358	1000f37a	l32i a11,a1,0xc	none
0x1c	0x1000f358	1000f37d	movi a10,0x0	none
0x1c	0x1000f358	1000f380	mov a1,a1	none
0x1c	0x1000f358	1000f383	call8 0x10010298	0x10010298
0x1c	0x1000f358	1000f386	mov a10,a1	none
0x1d	0x1000f358	1000f358	l32r a10,0x1000632c	none
0x1d	0x1000f358	1000f35b	mov.n a11,a1	none
0x1d	0x1000f358	1000f35d	movi.n a12,0xff	none
0x1d	0x1000f358	1000f35f	mov a1,a1	none
0x1d	0x1000f358	1000f362	call8 0x1001809c	0x1001809c
0x1d	0x1000f358	1000f365	l32i.n a8,a1,0x0	none
0x1d	0x1000f358	1000f367	addi a9,a8,-0xb	none
0x1d	0x1000f358	1000f36a	movi.n a8,0x38	none
0x1d	0x1000f358	1000f36c	bltu a8,a9,0x1000f358	none
0x1d	0x1000f358	1000f36f	l32r a8,0x10006360	none
0x1d	0x1000f358	1000f372	addx4 a8,a9,a8	none
0x1d	0x1000f358	1000f375	l32i.n a8,a8,0x0	none
0x1d	0x1000f358	1000f377	jx a8	none
0x1d	0x1000f358	1000f37a	l32i a11,a1,0xc	none
0x1d	0x1000f358	1000f37d	movi a10,0x0	none
0x1d	0x1000f358	1000f380	mov a1,a1	none
0x1d	0x1000f358	1000f383	call8 0x10010298	0x10010298
0x1d	0x1000f358	1000f386	mov a10,a1	none
0x1e	0x1000f358	1000f358	l32r a10,0x1000632c	none
0x1e	0x1000f358	1000f35b	mov.n a11,a1	none
0x1e	0x1000f358	1000f35d	movi.n a12,0xff	none
0x1e	0x1000f358	1000f35f	mov a1,a1	none
0x1e	0x1000f358	1000f362	call8 0x1001809c	0x1001809c
0x1e	0x1000f358	1000f365	l32i.n a8,a1,0x0	none
0x1e	0x1000f358	1000f367	addi a9,a8,-0xb	none
0x1e	0x1000f358	1000f36a	movi.n a8,0x38	none
0x1e	0x1000f358	1000f36c	bltu a8,a9,0x1000f358	none
0x1e	0x1000f358	1000f36f	l32r a8,0x10006360	none
0x1e	0x1000f358	1000f372	addx4 a8,a9,a8	none
0x1e	0x1000f358	1000f375	l32i.n a8,a8,0x0	none
0x1e	0x1000f358	1000f377	jx a8	none
0x1e	0x1000f358	1000f37a	l32i a11,a1,0xc	none
0x1e	0x1000f358	1000f37d	movi a10,0x0	none
0x1e	0x1000f358	1000f380	mov a1,a1	none
0x1e	0x1000f358	1000f383	call8 0x10010298	0x10010298
0x1e	0x1000f358	1000f386	mov a10,a1	none
0x1f	0x1000f358	1000f358	l32r a10,0x1000632c	none
0x1f	0x1000f358	1000f35b	mov.n a11,a1	none
0x1f	0x1000f358	1000f35d	movi.n a12,0xff	none
0x1f	0x1000f358	1000f35f	mov a1,a1	none
0x1f	0x1000f358	1000f362	call8 0x1001809c	0x1001809c
0x1f	0x1000f358	1000f365	l32i.n a8,a1,0x0	none
0x1f	0x1000f358	1000f367	addi a9,a8,-0xb	none
0x1f	0x1000f358	1000f36a	movi.n a8,0x38	none
0x1f	0x1000f358	1000f36c	bltu a8,a9,0x1000f358	none
0x1f	0x1000f358	1000f36f	l32r a8,0x10006360	none
0x1f	0x1000f358	1000f372	addx4 a8,a9,a8	none
0x1f	0x1000f358	1000f375	l32i.n a8,a8,0x0	none
0x1f	0x1000f358	1000f377	jx a8	none
0x1f	0x1000f358	1000f37a	l32i a11,a1,0xc	none
0x1f	0x1000f358	1000f37d	movi a10,0x0	none
0x1f	0x1000f358	1000f380	mov a1,a1	none
0x1f	0x1000f358	1000f383	call8 0x10010298	0x10010298
0x1f	0x1000f358	1000f386	mov a10,a1	none
0x20	0x1000f358	1000f358	l32r a10,0x1000632c	none
0x20	0x1000f358	1000f35b	mov.n a11,a1	none
0x20	0x1000f358	1000f35d	movi.n a12,0xff	none
0x20	0x1000f358	1000f35f	mov a1,a1	none
0x20	0x1000f358	1000f362	call8 0x1001809c	0x1001809c
0x20	0x1000f358	1000f365	l32i.n a8,a1,0x0	none
0x20	0x1000f358	1000f367	addi a9,a8,-0xb	none
0x20	0x1000f358	1000f36a	movi.n a8,0x38	none
0x20	0x1000f358	1000f36c	bltu a8,a9,0x1000f358	none
0x20	0x1000f358	1000f36f	l32r a8,0x10006360	none
0x20	0x1000f358	1000f372	addx4 a8,a9,a8	none
0x20	0x1000f358	1000f375	l32i.n a8,a8,0x0	none
0x20	0x1000f358	1000f377	jx a8	none
0x20	0x1000f358	1000f37a	l32i a11,a1,0xc	none
0x20	0x1000f358	1000f37d	movi a10,0x0	none
0x20	0x1000f358	1000f380	mov a1,a1	none
0x20	0x1000f358	1000f383	call8 0x10010298	0x10010298
0x20	0x1000f358	1000f386	mov a10,a1	none
0x21	0x1000f358	1000f358	l32r a10,0x1000632c	none
0x21	0x1000f358	1000f35b	mov.n a11,a1	none
0x21	0x1000f358	1000f35d	movi.n a12,0xff	none
0x21	0x1000f358	1000f35f	mov a1,a1	none
0x21	0x1000f358	1000f362	call8 0x1001809c	0x1001809c
0x21	0x1000f358	1000f365	l32i.n a8,a1,0x0	none
0x21	0x1000f358	1000f367	addi a9,a8,-0xb	none
0x21	0x1000f358	1000f36a	movi.n a8,0x38	none
0x21	0x1000f358	1000f36c	bltu a8,a9,0x1000f358	none
0x21	0x1000f358	1000f36f	l32r a8,0x10006360	none
0x21	0x1000f358	1000f372	addx4 a8,a9,a8	none
0x21	0x1000f358	1000f375	l32i.n a8,a8,0x0	none
0x21	0x1000f358	1000f377	jx a8	none
0x21	0x1000f358	1000f37a	l32i a11,a1,0xc	none
0x21	0x1000f358	1000f37d	movi a10,0x0	none
0x21	0x1000f358	1000f380	mov a1,a1	none
0x21	0x1000f358	1000f383	call8 0x10010298	0x10010298
0x21	0x1000f358	1000f386	mov a10,a1	none
0x22	0x1000f358	1000f358	l32r a10,0x1000632c	none
0x22	0x1000f358	1000f35b	mov.n a11,a1	none
0x22	0x1000f358	1000f35d	movi.n a12,0xff	none
0x22	0x1000f358	1000f35f	mov a1,a1	none
0x22	0x1000f358	1000f362	call8 0x1001809c	0x1001809c
0x22	0x1000f358	1000f365	l32i.n a8,a1,0x0	none
0x22	0x1000f358	1000f367	addi a9,a8,-0xb	none
0x22	0x1000f358	1000f36a	movi.n a8,0x38	none
0x22	0x1000f358	1000f36c	bltu a8,a9,0x1000f358	none
0x22	0x1000f358	1000f36f	l32r a8,0x10006360	none
0x22	0x1000f358	1000f372	addx4 a8,a9,a8	none
0x22	0x1000f358	1000f375	l32i.n a8,a8,0x0	none
0x22	0x1000f358	1000f377	jx a8	none
0x22	0x1000f358	1000f37a	l32i a11,a1,0xc	none
0x22	0x1000f358	1000f37d	movi a10,0x0	none
0x22	0x1000f358	1000f380	mov a1,a1	none
0x22	0x1000f358	1000f383	call8 0x10010298	0x10010298
0x22	0x1000f358	1000f386	mov a10,a1	none
0x23	0x1000f358	1000f358	l32r a10,0x1000632c	none
0x23	0x1000f358	1000f35b	mov.n a11,a1	none
0x23	0x1000f358	1000f35d	movi.n a12,0xff	none
0x23	0x1000f358	1000f35f	mov a1,a1	none
0x23	0x1000f358	1000f362	call8 0x1001809c	0x1001809c
0x23	0x1000f358	1000f365	l32i.n a8,a1,0x0	none
0x23	0x1000f358	1000f367	addi a9,a8,-0xb	none
0x23	0x1000f358	1000f36a	movi.n a8,0x38	none
0x23	0x1000f358	1000f36c	bltu a8,a9,0x1000f358	none
0x23	0x1000f358	1000f36f	l32r a8,0x10006360	none
0x23	0x1000f358	1000f372	addx4 a8,a9,a8	none
0x23	0x1000f358	1000f375	l32i.n a8,a8,0x0	none
0x23	0x1000f358	1000f377	jx a8	none
0x23	0x1000f358	1000f37a	l32i a11,a1,0xc	none
0x23	0x1000f358	1000f37d	movi a10,0x0	none
0x23	0x1000f358	1000f380	mov a1,a1	none
0x23	0x1000f358	1000f383	call8 0x10010298	0x10010298
0x23	0x1000f358	1000f386	mov a10,a1	none
0x24	0x1000f358	1000f358	l32r a10,0x1000632c	none
0x24	0x1000f358	1000f35b	mov.n a11,a1	none
0x24	0x1000f358	1000f35d	movi.n a12,0xff	none
0x24	0x1000f358	1000f35f	mov a1,a1	none
0x24	0x1000f358	1000f362	call8 0x1001809c	0x1001809c
0x24	0x1000f358	1000f365	l32i.n a8,a1,0x0	none
0x24	0x1000f358	1000f367	addi a9,a8,-0xb	none
0x24	0x1000f358	1000f36a	movi.n a8,0x38	none
0x24	0x1000f358	1000f36c	bltu a8,a9,0x1000f358	none
0x24	0x1000f358	1000f36f	l32r a8,0x10006360	none
0x24	0x1000f358	1000f372	addx4 a8,a9,a8	none
0x24	0x1000f358	1000f375	l32i.n a8,a8,0x0	none
0x24	0x1000f358	1000f377	jx a8	none
0x24	0x1000f358	1000f37a	l32i a11,a1,0xc	none
0x24	0x1000f358	1000f37d	movi a10,0x0	none
0x24	0x1000f358	1000f380	mov a1,a1	none
0x24	0x1000f358	1000f383	call8 0x10010298	0x10010298
0x24	0x1000f358	1000f386	mov a10,a1	none
0x25	0x1000f3d3	1000f3d3	l32i a8,a5,0x4	none
0x25	0x1000f3d3	1000f3d6	bnei a8,0x1,0x1000f417	none
0x25	0x1000f3d3	1000f3d9	l32r a10,0x10006328	none
0x25	0x1000f3d3	1000f3dc	mov a1,a1	none
0x25	0x1000f3d3	1000f3df	call8 0x10013050	0x10013050 hp1020_list_pop_candidate
0x25	0x1000f3d3	1000f3e2	beqz.n a10,0x1000f3ed	none
0x25	0x1000f3d3	1000f3e4	mov a1,a1	none
0x25	0x1000f3d3	1000f3e7	call8 0x10013408	0x10013408
0x25	0x1000f3d3	1000f3ea	j 0x1000f3d9	none
0x25	0x1000f3d3	1000f3ed	l32r a10,0x10006324	none
0x25	0x1000f3d3	1000f3f0	mov a1,a1	none
0x25	0x1000f3d3	1000f3f3	call8 0x10013050	0x10013050 hp1020_list_pop_candidate
0x25	0x1000f3d3	1000f3f6	beqz.n a10,0x1000f401	none
0x25	0x1000f3d3	1000f3f8	mov a1,a1	none
0x25	0x1000f3d3	1000f3fb	call8 0x10013408	0x10013408
0x25	0x1000f3d3	1000f3fe	j 0x1000f3ed	none
0x25	0x1000f3d3	1000f401	movi.n a8,0x2	none
0x25	0x1000f3d3	1000f403	s32i.n a8,a5,0x4	none
0x26	0x1000f358	1000f358	l32r a10,0x1000632c	none
0x26	0x1000f358	1000f35b	mov.n a11,a1	none
0x26	0x1000f358	1000f35d	movi.n a12,0xff	none
0x26	0x1000f358	1000f35f	mov a1,a1	none
0x26	0x1000f358	1000f362	call8 0x1001809c	0x1001809c
0x26	0x1000f358	1000f365	l32i.n a8,a1,0x0	none
0x26	0x1000f358	1000f367	addi a9,a8,-0xb	none
0x26	0x1000f358	1000f36a	movi.n a8,0x38	none
0x26	0x1000f358	1000f36c	bltu a8,a9,0x1000f358	none
0x26	0x1000f358	1000f36f	l32r a8,0x10006360	none
0x26	0x1000f358	1000f372	addx4 a8,a9,a8	none
0x26	0x1000f358	1000f375	l32i.n a8,a8,0x0	none
0x26	0x1000f358	1000f377	jx a8	none
0x26	0x1000f358	1000f37a	l32i a11,a1,0xc	none
0x26	0x1000f358	1000f37d	movi a10,0x0	none
0x26	0x1000f358	1000f380	mov a1,a1	none
0x26	0x1000f358	1000f383	call8 0x10010298	0x10010298
0x26	0x1000f358	1000f386	mov a10,a1	none
0x27	0x1000f358	1000f358	l32r a10,0x1000632c	none
0x27	0x1000f358	1000f35b	mov.n a11,a1	none
0x27	0x1000f358	1000f35d	movi.n a12,0xff	none
0x27	0x1000f358	1000f35f	mov a1,a1	none
0x27	0x1000f358	1000f362	call8 0x1001809c	0x1001809c
0x27	0x1000f358	1000f365	l32i.n a8,a1,0x0	none
0x27	0x1000f358	1000f367	addi a9,a8,-0xb	none
0x27	0x1000f358	1000f36a	movi.n a8,0x38	none
0x27	0x1000f358	1000f36c	bltu a8,a9,0x1000f358	none
0x27	0x1000f358	1000f36f	l32r a8,0x10006360	none
0x27	0x1000f358	1000f372	addx4 a8,a9,a8	none
0x27	0x1000f358	1000f375	l32i.n a8,a8,0x0	none
0x27	0x1000f358	1000f377	jx a8	none
0x27	0x1000f358	1000f37a	l32i a11,a1,0xc	none
0x27	0x1000f358	1000f37d	movi a10,0x0	none
0x27	0x1000f358	1000f380	mov a1,a1	none
0x27	0x1000f358	1000f383	call8 0x10010298	0x10010298
0x27	0x1000f358	1000f386	mov a10,a1	none
0x28	0x1000f358	1000f358	l32r a10,0x1000632c	none
0x28	0x1000f358	1000f35b	mov.n a11,a1	none
0x28	0x1000f358	1000f35d	movi.n a12,0xff	none
0x28	0x1000f358	1000f35f	mov a1,a1	none
0x28	0x1000f358	1000f362	call8 0x1001809c	0x1001809c
0x28	0x1000f358	1000f365	l32i.n a8,a1,0x0	none
0x28	0x1000f358	1000f367	addi a9,a8,-0xb	none
0x28	0x1000f358	1000f36a	movi.n a8,0x38	none
0x28	0x1000f358	1000f36c	bltu a8,a9,0x1000f358	none
0x28	0x1000f358	1000f36f	l32r a8,0x10006360	none
0x28	0x1000f358	1000f372	addx4 a8,a9,a8	none
0x28	0x1000f358	1000f375	l32i.n a8,a8,0x0	none
0x28	0x1000f358	1000f377	jx a8	none
0x28	0x1000f358	1000f37a	l32i a11,a1,0xc	none
0x28	0x1000f358	1000f37d	movi a10,0x0	none
0x28	0x1000f358	1000f380	mov a1,a1	none
0x28	0x1000f358	1000f383	call8 0x10010298	0x10010298
0x28	0x1000f358	1000f386	mov a10,a1	none
0x29	0x1000f358	1000f358	l32r a10,0x1000632c	none
0x29	0x1000f358	1000f35b	mov.n a11,a1	none
0x29	0x1000f358	1000f35d	movi.n a12,0xff	none
0x29	0x1000f358	1000f35f	mov a1,a1	none
0x29	0x1000f358	1000f362	call8 0x1001809c	0x1001809c
0x29	0x1000f358	1000f365	l32i.n a8,a1,0x0	none
0x29	0x1000f358	1000f367	addi a9,a8,-0xb	none
0x29	0x1000f358	1000f36a	movi.n a8,0x38	none
0x29	0x1000f358	1000f36c	bltu a8,a9,0x1000f358	none
0x29	0x1000f358	1000f36f	l32r a8,0x10006360	none
0x29	0x1000f358	1000f372	addx4 a8,a9,a8	none
0x29	0x1000f358	1000f375	l32i.n a8,a8,0x0	none
0x29	0x1000f358	1000f377	jx a8	none
0x29	0x1000f358	1000f37a	l32i a11,a1,0xc	none
0x29	0x1000f358	1000f37d	movi a10,0x0	none
0x29	0x1000f358	1000f380	mov a1,a1	none
0x29	0x1000f358	1000f383	call8 0x10010298	0x10010298
0x29	0x1000f358	1000f386	mov a10,a1	none
0x2a	0x1000f358	1000f358	l32r a10,0x1000632c	none
0x2a	0x1000f358	1000f35b	mov.n a11,a1	none
0x2a	0x1000f358	1000f35d	movi.n a12,0xff	none
0x2a	0x1000f358	1000f35f	mov a1,a1	none
0x2a	0x1000f358	1000f362	call8 0x1001809c	0x1001809c
0x2a	0x1000f358	1000f365	l32i.n a8,a1,0x0	none
0x2a	0x1000f358	1000f367	addi a9,a8,-0xb	none
0x2a	0x1000f358	1000f36a	movi.n a8,0x38	none
0x2a	0x1000f358	1000f36c	bltu a8,a9,0x1000f358	none
0x2a	0x1000f358	1000f36f	l32r a8,0x10006360	none
0x2a	0x1000f358	1000f372	addx4 a8,a9,a8	none
0x2a	0x1000f358	1000f375	l32i.n a8,a8,0x0	none
0x2a	0x1000f358	1000f377	jx a8	none
0x2a	0x1000f358	1000f37a	l32i a11,a1,0xc	none
0x2a	0x1000f358	1000f37d	movi a10,0x0	none
0x2a	0x1000f358	1000f380	mov a1,a1	none
0x2a	0x1000f358	1000f383	call8 0x10010298	0x10010298
0x2a	0x1000f358	1000f386	mov a10,a1	none
0x2b	0x1000f358	1000f358	l32r a10,0x1000632c	none
0x2b	0x1000f358	1000f35b	mov.n a11,a1	none
0x2b	0x1000f358	1000f35d	movi.n a12,0xff	none
0x2b	0x1000f358	1000f35f	mov a1,a1	none
0x2b	0x1000f358	1000f362	call8 0x1001809c	0x1001809c
0x2b	0x1000f358	1000f365	l32i.n a8,a1,0x0	none
0x2b	0x1000f358	1000f367	addi a9,a8,-0xb	none
0x2b	0x1000f358	1000f36a	movi.n a8,0x38	none
0x2b	0x1000f358	1000f36c	bltu a8,a9,0x1000f358	none
0x2b	0x1000f358	1000f36f	l32r a8,0x10006360	none
0x2b	0x1000f358	1000f372	addx4 a8,a9,a8	none
0x2b	0x1000f358	1000f375	l32i.n a8,a8,0x0	none
0x2b	0x1000f358	1000f377	jx a8	none
0x2b	0x1000f358	1000f37a	l32i a11,a1,0xc	none
0x2b	0x1000f358	1000f37d	movi a10,0x0	none
0x2b	0x1000f358	1000f380	mov a1,a1	none
0x2b	0x1000f358	1000f383	call8 0x10010298	0x10010298
0x2b	0x1000f358	1000f386	mov a10,a1	none
0x2c	0x1000f358	1000f358	l32r a10,0x1000632c	none
0x2c	0x1000f358	1000f35b	mov.n a11,a1	none
0x2c	0x1000f358	1000f35d	movi.n a12,0xff	none
0x2c	0x1000f358	1000f35f	mov a1,a1	none
0x2c	0x1000f358	1000f362	call8 0x1001809c	0x1001809c
0x2c	0x1000f358	1000f365	l32i.n a8,a1,0x0	none
0x2c	0x1000f358	1000f367	addi a9,a8,-0xb	none
0x2c	0x1000f358	1000f36a	movi.n a8,0x38	none
0x2c	0x1000f358	1000f36c	bltu a8,a9,0x1000f358	none
0x2c	0x1000f358	1000f36f	l32r a8,0x10006360	none
0x2c	0x1000f358	1000f372	addx4 a8,a9,a8	none
0x2c	0x1000f358	1000f375	l32i.n a8,a8,0x0	none
0x2c	0x1000f358	1000f377	jx a8	none
0x2c	0x1000f358	1000f37a	l32i a11,a1,0xc	none
0x2c	0x1000f358	1000f37d	movi a10,0x0	none
0x2c	0x1000f358	1000f380	mov a1,a1	none
0x2c	0x1000f358	1000f383	call8 0x10010298	0x10010298
0x2c	0x1000f358	1000f386	mov a10,a1	none
0x2d	0x1000f497	1000f497	l32i.n a10,a1,0x4	none
0x2d	0x1000f497	1000f499	movi.n a8,0x18	none
0x2d	0x1000f497	1000f49b	beq a10,a8,0x1000f4a1	none
0x2d	0x1000f497	1000f49e	j 0x1000f55b	none
0x2d	0x1000f497	1000f4a1	l32i a8,a1,0x8	none
0x2d	0x1000f497	1000f4a4	bnez.n a8,0x1000f4ac	none
0x2d	0x1000f497	1000f4a6	s8i a8,a5,0x1	none
0x2d	0x1000f497	1000f4a9	j 0x1000f358	none
0x2d	0x1000f497	1000f4ac	movi a8,0x1	none
0x2d	0x1000f497	1000f4af	l8ui a9,a5,0x0	none
0x2d	0x1000f497	1000f4b2	s8i a8,a5,0x1	none
0x2d	0x1000f497	1000f4b5	bnei a9,0x1,0x1000f4bb	none
0x2d	0x1000f497	1000f4b8	j 0x1000f55b	none
0x2d	0x1000f497	1000f4bb	s32i.n a10,a1,0x0	none
0x2d	0x1000f497	1000f4bd	movi.n a10,0x0	none
0x2d	0x1000f497	1000f4bf	j 0x1000f550	none
0x2d	0x1000f497	1000f4c2	l32i.n a8,a1,0x4	none
0x2d	0x1000f497	1000f4c4	addi a10,a1,0x20	none
0x2e	0x1000f358	1000f358	l32r a10,0x1000632c	none
0x2e	0x1000f358	1000f35b	mov.n a11,a1	none
0x2e	0x1000f358	1000f35d	movi.n a12,0xff	none
0x2e	0x1000f358	1000f35f	mov a1,a1	none
0x2e	0x1000f358	1000f362	call8 0x1001809c	0x1001809c
0x2e	0x1000f358	1000f365	l32i.n a8,a1,0x0	none
0x2e	0x1000f358	1000f367	addi a9,a8,-0xb	none
0x2e	0x1000f358	1000f36a	movi.n a8,0x38	none
0x2e	0x1000f358	1000f36c	bltu a8,a9,0x1000f358	none
0x2e	0x1000f358	1000f36f	l32r a8,0x10006360	none
0x2e	0x1000f358	1000f372	addx4 a8,a9,a8	none
0x2e	0x1000f358	1000f375	l32i.n a8,a8,0x0	none
0x2e	0x1000f358	1000f377	jx a8	none
0x2e	0x1000f358	1000f37a	l32i a11,a1,0xc	none
0x2e	0x1000f358	1000f37d	movi a10,0x0	none
0x2e	0x1000f358	1000f380	mov a1,a1	none
0x2e	0x1000f358	1000f383	call8 0x10010298	0x10010298
0x2e	0x1000f358	1000f386	mov a10,a1	none
0x2f	0x1000f358	1000f358	l32r a10,0x1000632c	none
0x2f	0x1000f358	1000f35b	mov.n a11,a1	none
0x2f	0x1000f358	1000f35d	movi.n a12,0xff	none
0x2f	0x1000f358	1000f35f	mov a1,a1	none
0x2f	0x1000f358	1000f362	call8 0x1001809c	0x1001809c
0x2f	0x1000f358	1000f365	l32i.n a8,a1,0x0	none
0x2f	0x1000f358	1000f367	addi a9,a8,-0xb	none
0x2f	0x1000f358	1000f36a	movi.n a8,0x38	none
0x2f	0x1000f358	1000f36c	bltu a8,a9,0x1000f358	none
0x2f	0x1000f358	1000f36f	l32r a8,0x10006360	none
0x2f	0x1000f358	1000f372	addx4 a8,a9,a8	none
0x2f	0x1000f358	1000f375	l32i.n a8,a8,0x0	none
0x2f	0x1000f358	1000f377	jx a8	none
0x2f	0x1000f358	1000f37a	l32i a11,a1,0xc	none
0x2f	0x1000f358	1000f37d	movi a10,0x0	none
0x2f	0x1000f358	1000f380	mov a1,a1	none
0x2f	0x1000f358	1000f383	call8 0x10010298	0x10010298
0x2f	0x1000f358	1000f386	mov a10,a1	none
0x30	0x1000f358	1000f358	l32r a10,0x1000632c	none
0x30	0x1000f358	1000f35b	mov.n a11,a1	none
0x30	0x1000f358	1000f35d	movi.n a12,0xff	none
0x30	0x1000f358	1000f35f	mov a1,a1	none
0x30	0x1000f358	1000f362	call8 0x1001809c	0x1001809c
0x30	0x1000f358	1000f365	l32i.n a8,a1,0x0	none
0x30	0x1000f358	1000f367	addi a9,a8,-0xb	none
0x30	0x1000f358	1000f36a	movi.n a8,0x38	none
0x30	0x1000f358	1000f36c	bltu a8,a9,0x1000f358	none
0x30	0x1000f358	1000f36f	l32r a8,0x10006360	none
0x30	0x1000f358	1000f372	addx4 a8,a9,a8	none
0x30	0x1000f358	1000f375	l32i.n a8,a8,0x0	none
0x30	0x1000f358	1000f377	jx a8	none
0x30	0x1000f358	1000f37a	l32i a11,a1,0xc	none
0x30	0x1000f358	1000f37d	movi a10,0x0	none
0x30	0x1000f358	1000f380	mov a1,a1	none
0x30	0x1000f358	1000f383	call8 0x10010298	0x10010298
0x30	0x1000f358	1000f386	mov a10,a1	none
0x31	0x1000f358	1000f358	l32r a10,0x1000632c	none
0x31	0x1000f358	1000f35b	mov.n a11,a1	none
0x31	0x1000f358	1000f35d	movi.n a12,0xff	none
0x31	0x1000f358	1000f35f	mov a1,a1	none
0x31	0x1000f358	1000f362	call8 0x1001809c	0x1001809c
0x31	0x1000f358	1000f365	l32i.n a8,a1,0x0	none
0x31	0x1000f358	1000f367	addi a9,a8,-0xb	none
0x31	0x1000f358	1000f36a	movi.n a8,0x38	none
0x31	0x1000f358	1000f36c	bltu a8,a9,0x1000f358	none
0x31	0x1000f358	1000f36f	l32r a8,0x10006360	none
0x31	0x1000f358	1000f372	addx4 a8,a9,a8	none
0x31	0x1000f358	1000f375	l32i.n a8,a8,0x0	none
0x31	0x1000f358	1000f377	jx a8	none
0x31	0x1000f358	1000f37a	l32i a11,a1,0xc	none
0x31	0x1000f358	1000f37d	movi a10,0x0	none
0x31	0x1000f358	1000f380	mov a1,a1	none
0x31	0x1000f358	1000f383	call8 0x10010298	0x10010298
0x31	0x1000f358	1000f386	mov a10,a1	none
0x32	0x1000f547	1000f547	l32i.n a10,a5,0xc	none
0x32	0x1000f547	1000f549	bnez.n a10,0x1000f55b	none
0x32	0x1000f547	1000f54b	movi.n a8,0x1a	none
0x32	0x1000f547	1000f54d	s32i a8,a1,0x0	none
0x32	0x1000f547	1000f550	mov.n a11,a1	none
0x32	0x1000f547	1000f552	mov a1,a1	none
0x32	0x1000f547	1000f555	call8 0x10013658	0x10013658 hp1020_queue_send_candidate
0x32	0x1000f547	1000f558	j 0x1000f358	none
0x32	0x1000f547	1000f55b	mov a10,a1	none
0x32	0x1000f547	1000f55e	mov a1,a1	none
0x32	0x1000f547	1000f561	call8 0x1000f574	0x1000f574 hp1020_print_mgr_schedule_or_advance_candidate
0x32	0x1000f547	1000f564	j 0x1000f358	none
0x32	0x1000f547	1000f567	l32i a10,a1,0x4	none
0x32	0x1000f547	1000f56a	mov a1,a1	none
0x32	0x1000f547	1000f56d	call8 0x10010310	0x10010310
0x32	0x1000f547	1000f570	j 0x1000f358	none
0x33	0x1000f358	1000f358	l32r a10,0x1000632c	none
0x33	0x1000f358	1000f35b	mov.n a11,a1	none
0x33	0x1000f358	1000f35d	movi.n a12,0xff	none
0x33	0x1000f358	1000f35f	mov a1,a1	none
0x33	0x1000f358	1000f362	call8 0x1001809c	0x1001809c
0x33	0x1000f358	1000f365	l32i.n a8,a1,0x0	none
0x33	0x1000f358	1000f367	addi a9,a8,-0xb	none
0x33	0x1000f358	1000f36a	movi.n a8,0x38	none
0x33	0x1000f358	1000f36c	bltu a8,a9,0x1000f358	none
0x33	0x1000f358	1000f36f	l32r a8,0x10006360	none
0x33	0x1000f358	1000f372	addx4 a8,a9,a8	none
0x33	0x1000f358	1000f375	l32i.n a8,a8,0x0	none
0x33	0x1000f358	1000f377	jx a8	none
0x33	0x1000f358	1000f37a	l32i a11,a1,0xc	none
0x33	0x1000f358	1000f37d	movi a10,0x0	none
0x33	0x1000f358	1000f380	mov a1,a1	none
0x33	0x1000f358	1000f383	call8 0x10010298	0x10010298
0x33	0x1000f358	1000f386	mov a10,a1	none
0x34	0x1000f55b	1000f55b	mov a10,a1	none
0x34	0x1000f55b	1000f55e	mov a1,a1	none
0x34	0x1000f55b	1000f561	call8 0x1000f574	0x1000f574 hp1020_print_mgr_schedule_or_advance_candidate
0x34	0x1000f55b	1000f564	j 0x1000f358	none
0x34	0x1000f55b	1000f567	l32i a10,a1,0x4	none
0x34	0x1000f55b	1000f56a	mov a1,a1	none
0x34	0x1000f55b	1000f56d	call8 0x10010310	0x10010310
0x34	0x1000f55b	1000f570	j 0x1000f358	none
0x35	0x1000f358	1000f358	l32r a10,0x1000632c	none
0x35	0x1000f358	1000f35b	mov.n a11,a1	none
0x35	0x1000f358	1000f35d	movi.n a12,0xff	none
0x35	0x1000f358	1000f35f	mov a1,a1	none
0x35	0x1000f358	1000f362	call8 0x1001809c	0x1001809c
0x35	0x1000f358	1000f365	l32i.n a8,a1,0x0	none
0x35	0x1000f358	1000f367	addi a9,a8,-0xb	none
0x35	0x1000f358	1000f36a	movi.n a8,0x38	none
0x35	0x1000f358	1000f36c	bltu a8,a9,0x1000f358	none
0x35	0x1000f358	1000f36f	l32r a8,0x10006360	none
0x35	0x1000f358	1000f372	addx4 a8,a9,a8	none
0x35	0x1000f358	1000f375	l32i.n a8,a8,0x0	none
0x35	0x1000f358	1000f377	jx a8	none
0x35	0x1000f358	1000f37a	l32i a11,a1,0xc	none
0x35	0x1000f358	1000f37d	movi a10,0x0	none
0x35	0x1000f358	1000f380	mov a1,a1	none
0x35	0x1000f358	1000f383	call8 0x10010298	0x10010298
0x35	0x1000f358	1000f386	mov a10,a1	none
0x36	0x1000f358	1000f358	l32r a10,0x1000632c	none
0x36	0x1000f358	1000f35b	mov.n a11,a1	none
0x36	0x1000f358	1000f35d	movi.n a12,0xff	none
0x36	0x1000f358	1000f35f	mov a1,a1	none
0x36	0x1000f358	1000f362	call8 0x1001809c	0x1001809c
0x36	0x1000f358	1000f365	l32i.n a8,a1,0x0	none
0x36	0x1000f358	1000f367	addi a9,a8,-0xb	none
0x36	0x1000f358	1000f36a	movi.n a8,0x38	none
0x36	0x1000f358	1000f36c	bltu a8,a9,0x1000f358	none
0x36	0x1000f358	1000f36f	l32r a8,0x10006360	none
0x36	0x1000f358	1000f372	addx4 a8,a9,a8	none
0x36	0x1000f358	1000f375	l32i.n a8,a8,0x0	none
0x36	0x1000f358	1000f377	jx a8	none
0x36	0x1000f358	1000f37a	l32i a11,a1,0xc	none
0x36	0x1000f358	1000f37d	movi a10,0x0	none
0x36	0x1000f358	1000f380	mov a1,a1	none
0x36	0x1000f358	1000f383	call8 0x10010298	0x10010298
0x36	0x1000f358	1000f386	mov a10,a1	none
0x37	0x1000f358	1000f358	l32r a10,0x1000632c	none
0x37	0x1000f358	1000f35b	mov.n a11,a1	none
0x37	0x1000f358	1000f35d	movi.n a12,0xff	none
0x37	0x1000f358	1000f35f	mov a1,a1	none
0x37	0x1000f358	1000f362	call8 0x1001809c	0x1001809c
0x37	0x1000f358	1000f365	l32i.n a8,a1,0x0	none
0x37	0x1000f358	1000f367	addi a9,a8,-0xb	none
0x37	0x1000f358	1000f36a	movi.n a8,0x38	none
0x37	0x1000f358	1000f36c	bltu a8,a9,0x1000f358	none
0x37	0x1000f358	1000f36f	l32r a8,0x10006360	none
0x37	0x1000f358	1000f372	addx4 a8,a9,a8	none
0x37	0x1000f358	1000f375	l32i.n a8,a8,0x0	none
0x37	0x1000f358	1000f377	jx a8	none
0x37	0x1000f358	1000f37a	l32i a11,a1,0xc	none
0x37	0x1000f358	1000f37d	movi a10,0x0	none
0x37	0x1000f358	1000f380	mov a1,a1	none
0x37	0x1000f358	1000f383	call8 0x10010298	0x10010298
0x37	0x1000f358	1000f386	mov a10,a1	none
0x38	0x1000f358	1000f358	l32r a10,0x1000632c	none
0x38	0x1000f358	1000f35b	mov.n a11,a1	none
0x38	0x1000f358	1000f35d	movi.n a12,0xff	none
0x38	0x1000f358	1000f35f	mov a1,a1	none
0x38	0x1000f358	1000f362	call8 0x1001809c	0x1001809c
0x38	0x1000f358	1000f365	l32i.n a8,a1,0x0	none
0x38	0x1000f358	1000f367	addi a9,a8,-0xb	none
0x38	0x1000f358	1000f36a	movi.n a8,0x38	none
0x38	0x1000f358	1000f36c	bltu a8,a9,0x1000f358	none
0x38	0x1000f358	1000f36f	l32r a8,0x10006360	none
0x38	0x1000f358	1000f372	addx4 a8,a9,a8	none
0x38	0x1000f358	1000f375	l32i.n a8,a8,0x0	none
0x38	0x1000f358	1000f377	jx a8	none
0x38	0x1000f358	1000f37a	l32i a11,a1,0xc	none
0x38	0x1000f358	1000f37d	movi a10,0x0	none
0x38	0x1000f358	1000f380	mov a1,a1	none
0x38	0x1000f358	1000f383	call8 0x10010298	0x10010298
0x38	0x1000f358	1000f386	mov a10,a1	none
0x39	0x1000f358	1000f358	l32r a10,0x1000632c	none
0x39	0x1000f358	1000f35b	mov.n a11,a1	none
0x39	0x1000f358	1000f35d	movi.n a12,0xff	none
0x39	0x1000f358	1000f35f	mov a1,a1	none
0x39	0x1000f358	1000f362	call8 0x1001809c	0x1001809c
0x39	0x1000f358	1000f365	l32i.n a8,a1,0x0	none
0x39	0x1000f358	1000f367	addi a9,a8,-0xb	none
0x39	0x1000f358	1000f36a	movi.n a8,0x38	none
0x39	0x1000f358	1000f36c	bltu a8,a9,0x1000f358	none
0x39	0x1000f358	1000f36f	l32r a8,0x10006360	none
0x39	0x1000f358	1000f372	addx4 a8,a9,a8	none
0x39	0x1000f358	1000f375	l32i.n a8,a8,0x0	none
0x39	0x1000f358	1000f377	jx a8	none
0x39	0x1000f358	1000f37a	l32i a11,a1,0xc	none
0x39	0x1000f358	1000f37d	movi a10,0x0	none
0x39	0x1000f358	1000f380	mov a1,a1	none
0x39	0x1000f358	1000f383	call8 0x10010298	0x10010298
0x39	0x1000f358	1000f386	mov a10,a1	none
0x3a	0x1000f358	1000f358	l32r a10,0x1000632c	none
0x3a	0x1000f358	1000f35b	mov.n a11,a1	none
0x3a	0x1000f358	1000f35d	movi.n a12,0xff	none
0x3a	0x1000f358	1000f35f	mov a1,a1	none
0x3a	0x1000f358	1000f362	call8 0x1001809c	0x1001809c
0x3a	0x1000f358	1000f365	l32i.n a8,a1,0x0	none
0x3a	0x1000f358	1000f367	addi a9,a8,-0xb	none
0x3a	0x1000f358	1000f36a	movi.n a8,0x38	none
0x3a	0x1000f358	1000f36c	bltu a8,a9,0x1000f358	none
0x3a	0x1000f358	1000f36f	l32r a8,0x10006360	none
0x3a	0x1000f358	1000f372	addx4 a8,a9,a8	none
0x3a	0x1000f358	1000f375	l32i.n a8,a8,0x0	none
0x3a	0x1000f358	1000f377	jx a8	none
0x3a	0x1000f358	1000f37a	l32i a11,a1,0xc	none
0x3a	0x1000f358	1000f37d	movi a10,0x0	none
0x3a	0x1000f358	1000f380	mov a1,a1	none
0x3a	0x1000f358	1000f383	call8 0x10010298	0x10010298
0x3a	0x1000f358	1000f386	mov a10,a1	none
0x3b	0x1000f358	1000f358	l32r a10,0x1000632c	none
0x3b	0x1000f358	1000f35b	mov.n a11,a1	none
0x3b	0x1000f358	1000f35d	movi.n a12,0xff	none
0x3b	0x1000f358	1000f35f	mov a1,a1	none
0x3b	0x1000f358	1000f362	call8 0x1001809c	0x1001809c
0x3b	0x1000f358	1000f365	l32i.n a8,a1,0x0	none
0x3b	0x1000f358	1000f367	addi a9,a8,-0xb	none
0x3b	0x1000f358	1000f36a	movi.n a8,0x38	none
0x3b	0x1000f358	1000f36c	bltu a8,a9,0x1000f358	none
0x3b	0x1000f358	1000f36f	l32r a8,0x10006360	none
0x3b	0x1000f358	1000f372	addx4 a8,a9,a8	none
0x3b	0x1000f358	1000f375	l32i.n a8,a8,0x0	none
0x3b	0x1000f358	1000f377	jx a8	none
0x3b	0x1000f358	1000f37a	l32i a11,a1,0xc	none
0x3b	0x1000f358	1000f37d	movi a10,0x0	none
0x3b	0x1000f358	1000f380	mov a1,a1	none
0x3b	0x1000f358	1000f383	call8 0x10010298	0x10010298
0x3b	0x1000f358	1000f386	mov a10,a1	none
0x3c	0x1000f358	1000f358	l32r a10,0x1000632c	none
0x3c	0x1000f358	1000f35b	mov.n a11,a1	none
0x3c	0x1000f358	1000f35d	movi.n a12,0xff	none
0x3c	0x1000f358	1000f35f	mov a1,a1	none
0x3c	0x1000f358	1000f362	call8 0x1001809c	0x1001809c
0x3c	0x1000f358	1000f365	l32i.n a8,a1,0x0	none
0x3c	0x1000f358	1000f367	addi a9,a8,-0xb	none
0x3c	0x1000f358	1000f36a	movi.n a8,0x38	none
0x3c	0x1000f358	1000f36c	bltu a8,a9,0x1000f358	none
0x3c	0x1000f358	1000f36f	l32r a8,0x10006360	none
0x3c	0x1000f358	1000f372	addx4 a8,a9,a8	none
0x3c	0x1000f358	1000f375	l32i.n a8,a8,0x0	none
0x3c	0x1000f358	1000f377	jx a8	none
0x3c	0x1000f358	1000f37a	l32i a11,a1,0xc	none
0x3c	0x1000f358	1000f37d	movi a10,0x0	none
0x3c	0x1000f358	1000f380	mov a1,a1	none
0x3c	0x1000f358	1000f383	call8 0x10010298	0x10010298
0x3c	0x1000f358	1000f386	mov a10,a1	none
0x3d	0x1000f358	1000f358	l32r a10,0x1000632c	none
0x3d	0x1000f358	1000f35b	mov.n a11,a1	none
0x3d	0x1000f358	1000f35d	movi.n a12,0xff	none
0x3d	0x1000f358	1000f35f	mov a1,a1	none
0x3d	0x1000f358	1000f362	call8 0x1001809c	0x1001809c
0x3d	0x1000f358	1000f365	l32i.n a8,a1,0x0	none
0x3d	0x1000f358	1000f367	addi a9,a8,-0xb	none
0x3d	0x1000f358	1000f36a	movi.n a8,0x38	none
0x3d	0x1000f358	1000f36c	bltu a8,a9,0x1000f358	none
0x3d	0x1000f358	1000f36f	l32r a8,0x10006360	none
0x3d	0x1000f358	1000f372	addx4 a8,a9,a8	none
0x3d	0x1000f358	1000f375	l32i.n a8,a8,0x0	none
0x3d	0x1000f358	1000f377	jx a8	none
0x3d	0x1000f358	1000f37a	l32i a11,a1,0xc	none
0x3d	0x1000f358	1000f37d	movi a10,0x0	none
0x3d	0x1000f358	1000f380	mov a1,a1	none
0x3d	0x1000f358	1000f383	call8 0x10010298	0x10010298
0x3d	0x1000f358	1000f386	mov a10,a1	none
0x3e	0x1000f358	1000f358	l32r a10,0x1000632c	none
0x3e	0x1000f358	1000f35b	mov.n a11,a1	none
0x3e	0x1000f358	1000f35d	movi.n a12,0xff	none
0x3e	0x1000f358	1000f35f	mov a1,a1	none
0x3e	0x1000f358	1000f362	call8 0x1001809c	0x1001809c
0x3e	0x1000f358	1000f365	l32i.n a8,a1,0x0	none
0x3e	0x1000f358	1000f367	addi a9,a8,-0xb	none
0x3e	0x1000f358	1000f36a	movi.n a8,0x38	none
0x3e	0x1000f358	1000f36c	bltu a8,a9,0x1000f358	none
0x3e	0x1000f358	1000f36f	l32r a8,0x10006360	none
0x3e	0x1000f358	1000f372	addx4 a8,a9,a8	none
0x3e	0x1000f358	1000f375	l32i.n a8,a8,0x0	none
0x3e	0x1000f358	1000f377	jx a8	none
0x3e	0x1000f358	1000f37a	l32i a11,a1,0xc	none
0x3e	0x1000f358	1000f37d	movi a10,0x0	none
0x3e	0x1000f358	1000f380	mov a1,a1	none
0x3e	0x1000f358	1000f383	call8 0x10010298	0x10010298
0x3e	0x1000f358	1000f386	mov a10,a1	none
0x3f	0x1000f358	1000f358	l32r a10,0x1000632c	none
0x3f	0x1000f358	1000f35b	mov.n a11,a1	none
0x3f	0x1000f358	1000f35d	movi.n a12,0xff	none
0x3f	0x1000f358	1000f35f	mov a1,a1	none
0x3f	0x1000f358	1000f362	call8 0x1001809c	0x1001809c
0x3f	0x1000f358	1000f365	l32i.n a8,a1,0x0	none
0x3f	0x1000f358	1000f367	addi a9,a8,-0xb	none
0x3f	0x1000f358	1000f36a	movi.n a8,0x38	none
0x3f	0x1000f358	1000f36c	bltu a8,a9,0x1000f358	none
0x3f	0x1000f358	1000f36f	l32r a8,0x10006360	none
0x3f	0x1000f358	1000f372	addx4 a8,a9,a8	none
0x3f	0x1000f358	1000f375	l32i.n a8,a8,0x0	none
0x3f	0x1000f358	1000f377	jx a8	none
0x3f	0x1000f358	1000f37a	l32i a11,a1,0xc	none
0x3f	0x1000f358	1000f37d	movi a10,0x0	none
0x3f	0x1000f358	1000f380	mov a1,a1	none
0x3f	0x1000f358	1000f383	call8 0x10010298	0x10010298
0x3f	0x1000f358	1000f386	mov a10,a1	none
0x40	0x1000f358	1000f358	l32r a10,0x1000632c	none
0x40	0x1000f358	1000f35b	mov.n a11,a1	none
0x40	0x1000f358	1000f35d	movi.n a12,0xff	none
0x40	0x1000f358	1000f35f	mov a1,a1	none
0x40	0x1000f358	1000f362	call8 0x1001809c	0x1001809c
0x40	0x1000f358	1000f365	l32i.n a8,a1,0x0	none
0x40	0x1000f358	1000f367	addi a9,a8,-0xb	none
0x40	0x1000f358	1000f36a	movi.n a8,0x38	none
0x40	0x1000f358	1000f36c	bltu a8,a9,0x1000f358	none
0x40	0x1000f358	1000f36f	l32r a8,0x10006360	none
0x40	0x1000f358	1000f372	addx4 a8,a9,a8	none
0x40	0x1000f358	1000f375	l32i.n a8,a8,0x0	none
0x40	0x1000f358	1000f377	jx a8	none
0x40	0x1000f358	1000f37a	l32i a11,a1,0xc	none
0x40	0x1000f358	1000f37d	movi a10,0x0	none
0x40	0x1000f358	1000f380	mov a1,a1	none
0x40	0x1000f358	1000f383	call8 0x10010298	0x10010298
0x40	0x1000f358	1000f386	mov a10,a1	none
0x41	0x1000f358	1000f358	l32r a10,0x1000632c	none
0x41	0x1000f358	1000f35b	mov.n a11,a1	none
0x41	0x1000f358	1000f35d	movi.n a12,0xff	none
0x41	0x1000f358	1000f35f	mov a1,a1	none
0x41	0x1000f358	1000f362	call8 0x1001809c	0x1001809c
0x41	0x1000f358	1000f365	l32i.n a8,a1,0x0	none
0x41	0x1000f358	1000f367	addi a9,a8,-0xb	none
0x41	0x1000f358	1000f36a	movi.n a8,0x38	none
0x41	0x1000f358	1000f36c	bltu a8,a9,0x1000f358	none
0x41	0x1000f358	1000f36f	l32r a8,0x10006360	none
0x41	0x1000f358	1000f372	addx4 a8,a9,a8	none
0x41	0x1000f358	1000f375	l32i.n a8,a8,0x0	none
0x41	0x1000f358	1000f377	jx a8	none
0x41	0x1000f358	1000f37a	l32i a11,a1,0xc	none
0x41	0x1000f358	1000f37d	movi a10,0x0	none
0x41	0x1000f358	1000f380	mov a1,a1	none
0x41	0x1000f358	1000f383	call8 0x10010298	0x10010298
0x41	0x1000f358	1000f386	mov a10,a1	none
0x42	0x1000f358	1000f358	l32r a10,0x1000632c	none
0x42	0x1000f358	1000f35b	mov.n a11,a1	none
0x42	0x1000f358	1000f35d	movi.n a12,0xff	none
0x42	0x1000f358	1000f35f	mov a1,a1	none
0x42	0x1000f358	1000f362	call8 0x1001809c	0x1001809c
0x42	0x1000f358	1000f365	l32i.n a8,a1,0x0	none
0x42	0x1000f358	1000f367	addi a9,a8,-0xb	none
0x42	0x1000f358	1000f36a	movi.n a8,0x38	none
0x42	0x1000f358	1000f36c	bltu a8,a9,0x1000f358	none
0x42	0x1000f358	1000f36f	l32r a8,0x10006360	none
0x42	0x1000f358	1000f372	addx4 a8,a9,a8	none
0x42	0x1000f358	1000f375	l32i.n a8,a8,0x0	none
0x42	0x1000f358	1000f377	jx a8	none
0x42	0x1000f358	1000f37a	l32i a11,a1,0xc	none
0x42	0x1000f358	1000f37d	movi a10,0x0	none
0x42	0x1000f358	1000f380	mov a1,a1	none
0x42	0x1000f358	1000f383	call8 0x10010298	0x10010298
0x42	0x1000f358	1000f386	mov a10,a1	none
0x43	0x1000f567	1000f567	l32i a10,a1,0x4	none
0x43	0x1000f567	1000f56a	mov a1,a1	none
0x43	0x1000f567	1000f56d	call8 0x10010310	0x10010310
0x43	0x1000f567	1000f570	j 0x1000f358	none
