message	target	containing_function	target_note
0x0b	0x1000f392	hp1020_print_mgr_thread_candidate	none
0x0c	0x1000f37a	hp1020_print_mgr_thread_candidate	none
0x0d	0x1000f358	hp1020_print_mgr_thread_candidate	default/no-op target
0x0e	0x1000f44c	hp1020_print_mgr_thread_candidate	none
0x0f	0x1000f399	hp1020_print_mgr_thread_candidate	none
0x10	0x1000f460	hp1020_print_mgr_thread_candidate	none
0x11	0x1000f3ca	hp1020_print_mgr_thread_candidate	video/high-level continuation target
0x12	0x1000f358	hp1020_print_mgr_thread_candidate	default/no-op target
0x13	0x1000f358	hp1020_print_mgr_thread_candidate	default/no-op target
0x14	0x1000f474	hp1020_print_mgr_thread_candidate	none
0x15	0x1000f47d	hp1020_print_mgr_thread_candidate	none
0x16	0x1000f485	hp1020_print_mgr_thread_candidate	none
0x17	0x1000f4c2	hp1020_print_mgr_thread_candidate	none
0x18	0x1000f358	hp1020_print_mgr_thread_candidate	startup/initial poll target
0x19	0x1000f358	hp1020_print_mgr_thread_candidate	default/no-op target
0x1a	0x1000f358	hp1020_print_mgr_thread_candidate	default/no-op target
0x1b	0x1000f358	hp1020_print_mgr_thread_candidate	default/no-op target
0x1c	0x1000f358	hp1020_print_mgr_thread_candidate	default/no-op target
0x1d	0x1000f358	hp1020_print_mgr_thread_candidate	default/no-op target
0x1e	0x1000f358	hp1020_print_mgr_thread_candidate	default/no-op target
0x1f	0x1000f358	hp1020_print_mgr_thread_candidate	default/no-op target
0x20	0x1000f358	hp1020_print_mgr_thread_candidate	default/no-op target
0x21	0x1000f358	hp1020_print_mgr_thread_candidate	default/no-op target
0x22	0x1000f358	hp1020_print_mgr_thread_candidate	default/no-op target
0x23	0x1000f358	hp1020_print_mgr_thread_candidate	default/no-op target
0x24	0x1000f358	hp1020_print_mgr_thread_candidate	default/no-op target
0x25	0x1000f3d3	hp1020_print_mgr_thread_candidate	completion/status-looking target
0x26	0x1000f358	hp1020_print_mgr_thread_candidate	default/no-op target
0x27	0x1000f358	hp1020_print_mgr_thread_candidate	default/no-op target
0x28	0x1000f358	hp1020_print_mgr_thread_candidate	default/no-op target
0x29	0x1000f358	hp1020_print_mgr_thread_candidate	default/no-op target
0x2a	0x1000f358	hp1020_print_mgr_thread_candidate	default/no-op target
0x2b	0x1000f358	hp1020_print_mgr_thread_candidate	default/no-op target
0x2c	0x1000f358	hp1020_print_mgr_thread_candidate	default/no-op target
0x2d	0x1000f497	hp1020_print_mgr_thread_candidate	PrintMgr 0x2d handler; producer is datastore subscriber queue 1
0x2e	0x1000f358	hp1020_print_mgr_thread_candidate	default/no-op target
0x2f	0x1000f358	hp1020_print_mgr_thread_candidate	default/no-op target
0x30	0x1000f358	hp1020_print_mgr_thread_candidate	default/no-op target
0x31	0x1000f358	hp1020_print_mgr_thread_candidate	default/no-op target
0x32	0x1000f547	hp1020_print_mgr_thread_candidate	completion/status-looking target
0x33	0x1000f358	hp1020_print_mgr_thread_candidate	default/no-op target
0x34	0x1000f55b	hp1020_print_mgr_thread_candidate	completion/status-looking target
0x35	0x1000f358	hp1020_print_mgr_thread_candidate	default/no-op target
0x36	0x1000f358	hp1020_print_mgr_thread_candidate	default/no-op target
0x37	0x1000f358	hp1020_print_mgr_thread_candidate	default/no-op target
0x38	0x1000f358	hp1020_print_mgr_thread_candidate	default/no-op target
0x39	0x1000f358	hp1020_print_mgr_thread_candidate	default/no-op target
0x3a	0x1000f358	hp1020_print_mgr_thread_candidate	default/no-op target
0x3b	0x1000f358	hp1020_print_mgr_thread_candidate	default/no-op target
0x3c	0x1000f358	hp1020_print_mgr_thread_candidate	default/no-op target
0x3d	0x1000f358	hp1020_print_mgr_thread_candidate	default/no-op target
0x3e	0x1000f358	hp1020_print_mgr_thread_candidate	default/no-op target
0x3f	0x1000f358	hp1020_print_mgr_thread_candidate	default/no-op target
0x40	0x1000f358	hp1020_print_mgr_thread_candidate	default/no-op target
0x41	0x1000f358	hp1020_print_mgr_thread_candidate	default/no-op target
0x42	0x1000f358	hp1020_print_mgr_thread_candidate	default/no-op target
0x43	0x1000f567	hp1020_print_mgr_thread_candidate	none
