# index	entry_address	kind	name_pointer	name	words
0	10003c8c	0x0	0x10004064	AUTOCONT	0x0 0x10004064 0x2 0x0 0x2 0x2 0x0 0x0 0x10003a70
1	10003cb0	0x1	0x1000405c	TIMEOUT	0x1 0x1000405c 0x3 0x0 0x0 0x6 0x5 0xff 0x0
2	10003cd4	0x2	0x10004054	DENSITY	0x2 0x10004054 0x3 0x0 0x0 0x6 0x1 0x5 0x0
3	10003cf8	0x4	0x10004048	SERVICEID	0x4 0x10004048 0x3 0x0 0x0 0x6 0x0 0x98967f 0x0
4	10003d1c	0x5	0x1000403c	JAMRECOVERY	0x5 0x1000403c 0x2 0x0 0x2 0x2 0x0 0x0 0x10003b8c
5	10003d40	0x6	0x1000402c	TRANSFERMODE	0x6 0x1000402c 0x2 0x0 0x2 0x2 0x0 0x0 0x10003b9c
6	10003d64	0x7	0x10004020	MEDIA512	0x7 0x10004020 0x3 0x0 0xa 0x6 0x0 0x0 0x10003bb4
7	10003d88	0x8	0x10004014	MEDIA513	0x8 0x10004014 0x3 0x0 0xa 0x6 0x0 0x0 0x10003bb4
8	10003dac	0x9	0x10004008	MEDIA514	0x9 0x10004008 0x3 0x0 0xa 0x6 0x0 0x0 0x10003bb4
9	10003dd0	0xa	0x10003ffc	MEDIA515	0xa 0x10003ffc 0x3 0x0 0xa 0x6 0x0 0x0 0x10003bb4
10	10003df4	0xb	0x10003ff0	MEDIA516	0xb 0x10003ff0 0x3 0x0 0xa 0x6 0x0 0x0 0x10003bb4
11	10003e18	0xc	0x10003fe4	PQENHANCE	0xc 0x10003fe4 0x3 0x0 0x0 0x6 0x0 0xff 0x0
12	10003e3c	0xd	0x10003fd8	TONEREXP	0xd 0x10003fd8 0x3 0x0 0x0 0x6 0x0 0x5 0x0
13	10003e60	0xe	0x10003fcc	LINEAUGMENT	0xe 0x10003fcc 0x3 0x0 0x0 0x6 0x0 0x5 0x0
14	10003e84	0xf	0x10003fc0	SETMEMORY	0xf 0x10003fc0 0x3 0x0 0x0 0x6 0x0 0x1000000 0x0
15	10003ea8	0x10	0x10003fb4	SETERROR	0x10 0x10003fb4 0x3 0x0 0x0 0x6 0x0 0xffffffff 0x0
16	10003ecc	0x3	0x10003fa8	PAPERLESS	0x3 0x10003fa8 0x2 0x0 0x2 0x2 0x0 0x0 0x10003b24
17	10003ef0	0x11	0x10003f9c	FLASHSYS	0x11 0x10003f9c 0x2 0x0 0x1 0x2 0x0 0x0 0x10003c2c
18	10003f14	0x12	0x10003f94	FUSER	0x12 0x10003f94 0x2 0x0 0x1 0x2 0x0 0x0 0x10003c44
19	10003f38	0x13	0x10003f88	ASCIIHEX	0x13 0x10003f88 0x4 0x0 0x2 0x2 0x0 0x0 0x10003c4c
20	10003f5c	0x14	0x10003f80	XXXXXX	0x14 0x10003f80 0x2 0x0 0x0 0x6 0x0 0x0 0x0
