# index	entry_address	input_value	offset	pjl_code_base_0xa028_plus_offset
0	1001be40	0x0	0x0	41000
1	1001be44	0x1	0x2	41002
2	1001be48	0x5	0x3	41003
3	1001be4c	0x9	0x4	41004
4	1001be50	0x7	0x5	41005
5	1001be54	0x14	0x8	41008
6	1001be58	0x25	0x9	41009
7	1001be5c	0x1c	0xa	41010
8	1001be60	0x1b	0xb	41011
9	1001be64	0xc	0xc	41012
10	1001be68	0x103	0x1f	41031
11	1001be6c	0x22	0xe	41014
12	1001be70	0xd	0xd	41013
13	1001be74	0x104	0x10	41016
14	1001be78	0x105	0x11	41017
15	1001be7c	0xb	0x12	41018
16	1001be80	0x101	0x20	41032
17	1001be84	0x102	0x21	41033
18	1001be88	0x106	0x22	41034
19	1001be8c	0x100	0xf	41015
