function	function_name	line	helper	queue_arg	queue_name	message_arg	confidence	call
1000e414	hp1020_job_mgr_thread_candidate	227	hp1020_queue_send_candidate	1	PrintMgrQueue	0xf	medium_payload_history	hp1020_queue_send_candidate(1,&uStack_90);
1000e414	hp1020_job_mgr_thread_candidate	243	hp1020_queue_send_candidate	*(undefined4 *)(iVar8 + 100)	dynamic	0xf	low_dynamic_queue_known_message	hp1020_queue_send_candidate(*(undefined4 *)(iVar8 + 100),&uStack_90);
1000e414	hp1020_job_mgr_thread_candidate	251	hp1020_queue_send_candidate	3	Job Mgr Queue	0x25	medium_payload_history	hp1020_queue_send_candidate(3,&uStack_80);
1000e414	hp1020_job_mgr_thread_candidate	262	hp1020_queue_send_candidate	*(undefined4 *)(iVar9 + 100)	dynamic	0xf	low_dynamic_queue_known_message	hp1020_queue_send_candidate(*(undefined4 *)(iVar9 + 100),&uStack_90);
1000e414	hp1020_job_mgr_thread_candidate	270	hp1020_queue_send_candidate	10	StatusMgrQueue	0x31	medium_payload_history	hp1020_queue_send_candidate(10,&uStack_80);
1000e414	hp1020_job_mgr_thread_candidate	354	hp1020_queue_send_candidate	1	PrintMgrQueue	0xb	medium_payload_history	hp1020_queue_send_candidate(1,&uStack_90);
1000e414	hp1020_job_mgr_thread_candidate	372	hp1020_queue_send_candidate	10	StatusMgrQueue	0x30	medium_payload_history	hp1020_queue_send_candidate(10,&uStack_80);
1000e414	hp1020_job_mgr_thread_candidate	480	hp1020_queue_send_candidate	*(undefined4 *)(*(int *)(*(int *)PTR_DAT_100062e4 + 0xc) + 100)	dynamic	0x46	low_dynamic_queue_known_message	hp1020_queue_send_candidate (*(undefined4 *)(*(int *)(*(int *)PTR_DAT_100062e4 + 0xc) + 100),&uStack_90);
1000ed4c	FUN_1000ed4c	21	hp1020_queue_send_candidate	10	StatusMgrQueue	0x2f	medium_payload_history	hp1020_queue_send_candidate(10,local_30);
1000ed90	FUN_1000ed90	40	hp1020_queue_send_candidate	1	PrintMgrQueue	0xb	medium_payload_history	hp1020_queue_send_candidate(1,local_30);
1000ed90	FUN_1000ed90	58	hp1020_queue_send_candidate	1	PrintMgrQueue	0xb	medium_payload_history	hp1020_queue_send_candidate(1,local_30);
1000eeb8	FUN_1000eeb8	30	hp1020_queue_send_candidate	10	StatusMgrQueue	0x2f	medium_payload_history	hp1020_queue_send_candidate(10,auStack_40);
1000f164	FUN_1000f164	25	hp1020_queue_send_candidate	10	StatusMgrQueue	0x2e	medium_payload_history	hp1020_queue_send_candidate(10,local_50);
1000f324	hp1020_print_mgr_thread_candidate	14	hp1020_queue_send_candidate	0	engMsgQ	0x18	medium_payload_history	hp1020_queue_send_candidate(0,aiStack_50);
1000f574	hp1020_print_mgr_schedule_or_advance_candidate	103	hp1020_queue_send_message4_candidate	0	engMsgQ	0xd	high_direct_wrapper	hp1020_queue_send_message4_candidate(0,0xd,0,0,uVar10);
1000f574	hp1020_print_mgr_schedule_or_advance_candidate	112	hp1020_queue_send_message4_candidate	8	Video Queue	0xb	high_direct_wrapper	hp1020_queue_send_message4_candidate(8,0xb,0,0,uVar10);
1000f574	hp1020_print_mgr_schedule_or_advance_candidate	120	hp1020_queue_send_message4_candidate	0	engMsgQ	0xb	high_direct_wrapper	hp1020_queue_send_message4_candidate(0,0xb,0,0,uVar10);
1000f574	hp1020_print_mgr_schedule_or_advance_candidate	162	hp1020_queue_send_message4_candidate	10	StatusMgrQueue	0x2c	high_direct_wrapper	hp1020_queue_send_message4_candidate(10,0x2c,uVar12,1,0);
1000f574	hp1020_print_mgr_schedule_or_advance_candidate	170	hp1020_queue_send_message4_candidate	10	StatusMgrQueue	0xf	high_direct_wrapper	hp1020_queue_send_message4_candidate(10,0xf,2,0,0);
1000f574	hp1020_print_mgr_schedule_or_advance_candidate	178	hp1020_queue_send_message4_candidate	uVar12	dynamic	uVar13	low_dynamic	hp1020_queue_send_message4_candidate(uVar12,uVar13,uVar14,uVar15,uVar10);
1000f814	hp1020_print_mgr_return_work_to_jobmgr_candidate	14	hp1020_queue_send_candidate	3	Job Mgr Queue	unknown	low_known_queue_unknown_message	hp1020_queue_send_candidate(3,param_1);
1000fcb0	hp1020_print_mgr_datastore_notify_state_candidate	83	hp1020_queue_send_message4_candidate	uVar5	dynamic	uVar7	low_dynamic	hp1020_queue_send_message4_candidate(uVar5,uVar7,uVar8,0,0);
100100a8	hp1020_print_mgr_status_aux_candidate	17	hp1020_queue_send_message4_candidate	0	engMsgQ	0x1a	high_direct_wrapper	hp1020_queue_send_message4_candidate(0,0x1a,0,0);
10010170	hp1020_print_mgr_emit_media_status_candidate	33	hp1020_queue_send_candidate	10	StatusMgrQueue	0x2c	medium_payload_history	hp1020_queue_send_candidate(10,local_50);
10010218	hp1020_queue_send_message4_candidate	18	hp1020_queue_send_candidate	param_1	dynamic	unknown	low_dynamic	hp1020_queue_send_candidate(param_1,&local_30);
10010230	hp1020_print_mgr_idle_or_restart_candidate	16	hp1020_queue_send_message4_candidate	0	engMsgQ	0x4a	high_direct_wrapper	hp1020_queue_send_message4_candidate(0,0x4a,0,0);
10010230	hp1020_print_mgr_idle_or_restart_candidate	24	hp1020_queue_send_message4_candidate	0	engMsgQ	0x18	high_direct_wrapper	hp1020_queue_send_message4_candidate(0,0x18,0,0);
10010338	FUN_10010338	26	hp1020_queue_send_candidate	3	Job Mgr Queue	1	medium_payload_history	hp1020_queue_send_candidate(3,local_30);
10010398	FUN_10010398	17	hp1020_queue_send_candidate	3	Job Mgr Queue	3	medium_payload_history	hp1020_queue_send_candidate(3,local_30);
10010398	FUN_10010398	25	hp1020_queue_send_candidate	3	Job Mgr Queue	5	medium_payload_history	hp1020_queue_send_candidate(3,local_30);
100103f8	FUN_100103f8	8	hp1020_queue_send_candidate	3	Job Mgr Queue	6	medium_payload_history	hp1020_queue_send_candidate(3,local_30);
1001040c	FUN_1001040c	8	hp1020_queue_send_candidate	3	Job Mgr Queue	2	medium_payload_history	hp1020_queue_send_candidate(3,local_30);
10010590	hp1020_status_mgr_thread_candidate	102	hp1020_queue_send_candidate	uVar5	dynamic	unknown	low_dynamic	hp1020_queue_send_candidate(uVar5,&uStack_30);
10010838	FUN_10010838	130	hp1020_queue_send_candidate	3	Job Mgr Queue	0xf	medium_payload_history	hp1020_queue_send_candidate(3,&uStack_40);
10010b0c	hp1020_delay_mgr_receive_thread_candidate	59	hp1020_queue_send_candidate	*puVar6	dynamic	0x43	low_dynamic_queue_known_message	hp1020_queue_send_candidate(*puVar6,&uStack_40);
10010c98	FUN_10010c98	22	hp1020_queue_send_candidate	0xf	DelayMgr Msg Queue	0x44	medium_payload_history	hp1020_queue_send_candidate(0xf,&local_30);
10010cf0	FUN_10010cf0	32	hp1020_queue_send_candidate	0xf	DelayMgr Msg Queue	0x44	medium_payload_history	hp1020_queue_send_candidate(0xf,&local_40);
10010fd0	hp1020_datastore_write_notify_unlock_candidate	92	hp1020_queue_send_candidate	(uint)*(byte *)((int)piVar3 + -5) | (uint)*(byte *)((int)piVar3 + -6) << 8 | (uint)*(byte *)((int)piVar3 + -7) << 0x10 | (uint)*(byte *)(piVar3 + -2) << 0x18	dynamic	0x2d	low_dynamic_queue_known_message	hp1020_queue_send_candidate ((uint)*(byte *)((int)piVar3 + -5) | (uint)*(byte *)((int)piVar3 + -6) << 8 | (uint)*(byte *)((int)piVar3 + -7) << 0x10 | (uint)*(byte *)(piVar3 + -2) << 0x18,&local_30);
10013140	FUN_10013140	38	hp1020_queue_send_candidate	3	Job Mgr Queue	0x21	medium_payload_history	hp1020_queue_send_candidate(3,local_30);
10013c18	hp1020_video_thread_candidate	69	hp1020_queue_send_candidate	1	PrintMgrQueue	0x10	medium_payload_history	hp1020_queue_send_candidate(1,aiStack_30);
10013d4c	hp1020_video_reset_dispatch_candidate	85	hp1020_send_or_raise_engine_msg_candidate	0	engMsgQ	0x11	medium_payload_history	hp1020_send_or_raise_engine_msg_candidate(0,&local_30);
10013d4c	hp1020_video_reset_dispatch_candidate	91	hp1020_send_or_raise_engine_msg_candidate	8	Video Queue	0xb	medium_payload_history	hp1020_send_or_raise_engine_msg_candidate(8,&local_30);
10013d4c	hp1020_video_reset_dispatch_candidate	121	hp1020_send_or_raise_engine_msg_candidate	1	PrintMgrQueue	0x17	medium_payload_history	hp1020_send_or_raise_engine_msg_candidate(1,&local_30);
10015c68	hp1020_engine_status_io_candidate	56	hp1020_queue_send_candidate	1	PrintMgrQueue	0x17	medium_payload_history	hp1020_queue_send_candidate(1,&uStack_30);
10015df8	hp1020_engine_status_poll_candidate	101	hp1020_queue_send_candidate	1	PrintMgrQueue	0x17	medium_payload_history	hp1020_queue_send_candidate(1,&local_40);
10015df8	hp1020_engine_status_poll_candidate	116	hp1020_queue_send_candidate	1	PrintMgrQueue	0x17	medium_payload_history	hp1020_queue_send_candidate(1,&local_40);
100160a8	hp1020_engine_preflight_candidate	24	hp1020_queue_send_candidate	1	PrintMgrQueue	0x17	medium_payload_history	hp1020_queue_send_candidate(1,&local_40);
100160a8	hp1020_engine_preflight_candidate	57	hp1020_queue_send_candidate	1	PrintMgrQueue	0x17	medium_payload_history	hp1020_queue_send_candidate(1,&uStack_30);
10016164	hp1020_engine_message_dispatch_candidate	19	hp1020_queue_send_candidate	1	PrintMgrQueue	unknown	low_known_queue_unknown_message	hp1020_queue_send_candidate(1,param_1);
10016164	hp1020_engine_message_dispatch_candidate	27	hp1020_queue_send_candidate	1	PrintMgrQueue	0x25	medium_payload_history	hp1020_queue_send_candidate(1,&local_40);
10016164	hp1020_engine_message_dispatch_candidate	43	hp1020_send_or_raise_engine_msg_candidate	0	engMsgQ	0xb	medium_payload_history	hp1020_send_or_raise_engine_msg_candidate(0,&local_40);
10016164	hp1020_engine_message_dispatch_candidate	54	hp1020_queue_send_candidate	1	PrintMgrQueue	0x16	medium_payload_history	hp1020_queue_send_candidate(1,&uStack_30);
1001635c	hp1020_engine_delay_thread_candidate	16	hp1020_send_or_raise_engine_msg_candidate	1	PrintMgrQueue	unknown	low_known_queue_unknown_message	hp1020_send_or_raise_engine_msg_candidate(1,aiStack_30);
100163b0	hp1020_engine_thread_candidate	37	hp1020_queue_send_candidate	1	PrintMgrQueue	0x16	medium_payload_history	hp1020_queue_send_candidate(1,&uStack_30);
