# address	name	kind	confidence	note
0x100167a8	hp1020_elf_entry	function	high	ELF entry clears interrupts and jumps through early boot pointer
0x10006cd0	hp1020_cpu_tlb_init_candidate	function	medium	Early CPU and TLB initialization target reached from entry path
0x10016d6f	hp1020_interrupt_dispatcher_candidate	function	medium	Interrupt dispatcher region; Ghidra accepted odd Xtensa entry
0x1001861c	hp1020_interrupt_context_save_dispatch_candidate	function	medium	Saves CPU context before first interrupt dispatch
0x100188f0	hp1020_thread_context_restore_candidate	function	medium	Restores thread context and returns from exception
0x1001788c	hp1020_system_timer_thread_candidate	function	medium	System Timer Thread descriptor handler
0x10017f18	threadx_queue_create_candidate	function	high	Queue create wrapper
0x100199a4	threadx_queue_create_core_candidate	function	high	Queue create core writes QUEU object signature
0x1001809c	threadx_queue_receive_wait_candidate	function	high	Queue receive wrapper
0x100180dc	threadx_queue_send_candidate	function	high	Queue send wrapper
0x10018274	threadx_thread_create_candidate	function	high	Thread create wrapper
0x1001a610	threadx_thread_create_core_candidate	function	medium	Thread create core; decompiler has trouble with body
0x100181a4	threadx_memory_or_copy_candidate	function	medium	System-interface table memory/block service
0x1001766c	threadx_sleep_candidate	function	medium	System-interface table sleep service
0x100131b8	hp1020_runtime_service_candidate	function	medium	Runtime allocator/service from system-interface table
0x10013408	hp1020_runtime_service_2_candidate	function	low	Runtime service from system-interface table
0x100116ec	hp1020_system_service_candidate	function	low	System service from system-interface table
0x10010f54	hp1020_datastore_read_locked_candidate	function	high	Copies indexed data-store entry into caller storage after locking entry
0x10010fd0	hp1020_datastore_write_notify_unlock_candidate	function	high	Writes indexed data-store entry, notifies subscribers, then unlocks entry
0x10011258	hp1020_datastore_register_callback_subscriber_candidate	function	medium	Register direct callback subscriber for indexed data-store entry changes
0x1001135c	hp1020_datastore_register_queue_subscriber_candidate	function	medium	Register queue subscriber for indexed data-store entry changes
0x10013620	hp1020_send_or_raise_engine_msg_candidate	function	medium	Wrapper around indexed queue send path
0x10013658	hp1020_queue_send_candidate	function	high	Firmware queue send wrapper used across subsystems
0x10013668	hp1020_queue_send_indexed_candidate	function	high	Reads queue table at 0x1002c918 plus queue_id * 4
0x1000e414	hp1020_job_mgr_thread_candidate	function	high	Job Mgr Queue consumer
0x1000f324	hp1020_print_mgr_thread_candidate	function	high	PrintMgrQueue consumer and print-manager dispatcher
0x1000f574	hp1020_print_mgr_schedule_or_advance_candidate	function	medium	Advances PrintMgr queued page/media work and calls notification-state helper
0x1000f814	hp1020_print_mgr_return_work_to_jobmgr_candidate	function	medium	PrintMgr 0x11 continuation helper; pops active work and sends onward to JobMgr queue
0x1000f84c	hp1020_print_mgr_media_select_candidate	function	medium	Locks data-store entries 0x1d and 0x01, chooses/updates media fields
0x1000fcb0	hp1020_print_mgr_datastore_notify_state_candidate	function	medium	Handles PrintMgr notification/completion messages including 0x2d entry 1
0x10010158	hp1020_print_mgr_clear_pending_media_candidate	function	medium	Clears pending PrintMgr media/status state
0x10010170	hp1020_print_mgr_emit_media_status_candidate	function	medium	Writes media/status state through data-store entry 0x1f and notifies StatusMgrQueue
0x10010218	hp1020_queue_send_message4_candidate	function	medium	Small wrapper that sends a 4-word message to a queue
0x100100a8	hp1020_print_mgr_status_aux_candidate	function	low	PrintMgr helper used when handling completion/status path
0x10010318	hp1020_print_mgr_mark_work_candidate	function	low	PrintMgr helper used by completion/status path
0x10010230	hp1020_print_mgr_idle_or_restart_candidate	function	low	PrintMgr helper that sends queue-0 restart/idle messages 0x4a and 0x18
0x10010338	hp1020_job_record_create_and_enqueue_candidate	function	medium	Allocates 0x78-byte job/work record and sends JobMgr message 1
0x10010398	hp1020_child_page_record_create_candidate	function	medium	Allocates 0x50-byte child/page-ish record and sends JobMgr messages 3 and 5
0x10010590	hp1020_status_mgr_thread_candidate	function	high	StatusMgrQueue consumer
0x10010b0c	hp1020_delay_mgr_receive_thread_candidate	function	high	DelayMgr Msg Queue receive thread
0x1001146c	hp1020_data_store_thread_candidate	function	medium	Data-store descriptor region thread candidate
0x100139e4	hp1020_control_panel_thread_candidate	function	medium	Control-panel descriptor region thread candidate
0x10013c18	hp1020_video_thread_candidate	function	high	Video Queue consumer
0x1001635c	hp1020_engine_delay_thread_candidate	function	high	Engine delay queue consumer
0x100163b0	hp1020_engine_thread_candidate	function	high	Engine queue consumer
0x10013764	hp1020_control_panel_datastore_callback_candidate	function	medium	Callback for data-store entries 0x18 and 0x19, updating control-panel state bytes
0x100162cc	hp1020_engine_datastore_media_callback_candidate	function	medium	Callback for data-store entries 0x10..0x14, mapping to engine media/status ids 0x200..0x204
0x10016318	hp1020_engine_event_0x0f_config_callback_candidate	function	medium	Callback for data-store entry 0x0f, mapping DENSITY to engine state
0x10007c00	hp1020_usb_register_transfer_candidate	function	medium	USB transfer registration/setup
0x10007c70	hp1020_usb_transfer_setup_candidate	function	low	USB2 thread callee near transfer registration
0x10007cd0	hp1020_usb_parser_event_flags_init_candidate	function	low	References SysParserEventFlags
0x10008034	hp1020_usb_transfer_helper_candidate	function	low	USB transfer helper called by registration path
0x100086f4	hp1020_usb_mmio_setup_candidate	function	low	Touches USB MMIO/SRAM range
0x1000899c	hp1020_usb_mmio_status_candidate	function	low	Touches USB MMIO/SRAM range
0x10008b78	hp1020_usb_queue_or_transfer_helper_candidate	function	low	USB helper near control transfer path
0x10008c24	hp1020_usb_control_tx_data_stage_candidate	function	medium	USB control TX data-stage candidate
0x10008fb0	hp1020_usb_drain_pending_queue_candidate	function	medium	USB2 thread pending-queue drain helper
0x10008ff0	hp1020_usb2_thread	function	high	USB2Thread descriptor handler
0x10009934	hp1020_usb2_idle_thread	function	high	USB2IdleThread descriptor handler
0x10009a10	hp1020_usb_mmio_control_candidate	function	low	Touches USB MMIO control registers
0x10009ac4	hp1020_usb2_thread_helper_candidate	function	low	Small USB2 thread callee
0x1000ad44	hp1020_acl_download	function	high	agiACLDownload descriptor handler
0x1000a280	hp1020_status_code_offset_lookup_candidate	function	medium	Lookup helper used by status word to PJL CODE conversion
0x1000a2a4	hp1020_status_word_to_pjl_code_candidate	function	high	Converts internal status word to PJL CODE value
0x1000b2a8	hp1020_pjl_status_notify_builder_candidate	function	medium	Builds PJL USTATUS notification
0x1000b3f8	hp1020_pjl_ustatus_result_builder	function	high	Builds PJL USTATUS-style result strings
0x1000b520	hp1020_pjl_ustatus_cancel_builder_candidate	function	medium	Builds PJL USTATUS cancel/result response
0x1000b870	hp1020_pjl_status_table_get_candidate	function	high	Reads values from PJL/status command table
0x1000bd04	hp1020_pjl_info_capabilities_builder	function	high	Builds printer information/capabilities text
0x1000c8fc	hp1020_pjl_status_table_set_candidate	function	high	Parses PJL/status table names and updates stored values
0x1000c568	hp1020_pjl_config_response_candidate	function	medium	CONFIG path caller of capabilities builder
0x1000cdb0	hp1020_pjl_echo_matcher	function	high	References @PJL ECHO and scans input
0x1000d2a8	hp1020_pjl_command_dispatch_candidate	function	low	Caller of PJL echo matcher
0x1000d6b0	hp1020_pjl_read_or_poll_candidate	function	high	Used by PJL ECHO scanning loop
0x1000d700	hp1020_pjl_aux_command_candidate	function	medium	Handles AUXINIT/AUXSAVE strings
0x10007430	hp1020_format_into_buffer_candidate	function	high	Format-like helper used in response construction
0x1000dc00	hp1020_alloc_buffer_candidate	function	high	Allocates output buffers before response construction
0x10011178	hp1020_datastore_get_value_candidate	function	high	Get byte/halfword/word value from indexed firmware data-store entry
0x100111b4	hp1020_datastore_lock_entry_candidate	function	high	Locks indexed data-store entry and returns its value pointer
0x100111d8	hp1020_datastore_unlock_entry_candidate	function	high	Unlocks indexed data-store entry
0x1001693c	hp1020_copy_string_candidate	function	high	Copy string helper
0x100169d4	hp1020_strlen_like	function	high	String length helper
0x1001b544	hp1020_append_string_to_buffer_candidate	function	high	Append literal string to response buffer
0x10013000	hp1020_list_append_tail_candidate	function	high	Appends linked-list node to two-word head/tail list
0x10013050	hp1020_list_pop_head_candidate	function	high	Pops linked-list node from two-word head/tail list
0x100130bc	hp1020_list_peek_head_candidate	function	high	Returns linked-list head pointer
0x10013140	hp1020_alloc_with_retry_candidate	function	medium	Allocator wrapper retries and sends JobMgr message 0x21 on allocation stall
0x1000f164	hp1020_print_mgr_message_helper_candidate	function	low	Print-manager helper from message-producer pass
0x10010838	hp1020_status_state_update_candidate	function	high	Normalizes status words and triggers StatusMgr/PJL notifications
0x10010a3c	hp1020_status_notify_pending_candidate	function	medium	Notifies subscribed clients of pending status words
0x10010a8c	hp1020_status_event_store_candidate	function	medium	Stores status words in event buffer
0x10016164	hp1020_engine_message_dispatch_candidate	function	high	Central engine message dispatch
0x10015c68	hp1020_engine_status_io_candidate	function	high	Engine status/control MMIO path
0x10015df8	hp1020_engine_status_poll_candidate	function	high	Engine status polling path
0x10016024	hp1020_engine_init_step_candidate	function	medium	Engine initialization step
0x100160a8	hp1020_engine_preflight_candidate	function	medium	Engine preflight/status refresh path
0x100165a4	hp1020_engine_register_handlers_candidate	function	medium	Registers engine event handlers
0x10013d4c	hp1020_video_reset_dispatch_candidate	function	high	Video reset/event dispatch table consumer
0x1000ed90	hp1020_job_try_start_or_continue_candidate	function	medium	Walks active jobs and sends engine queue 0x0b for ready work objects
0x1000eeb8	hp1020_job_resume_or_enqueue_candidate	function	medium	Cleans up completed job and emits status/data-store notifications
0x1000efbc	hp1020_work_release_raster_list_candidate	function	medium	Releases raster list at work +0x50 and frees the work object
0x1000f030	hp1020_work_finalize_raster_list_candidate	function	medium	Finalizes or releases raster list based on work flags
0x1000f0a8	hp1020_work_list_mark_or_send_candidate	function	medium	Walks work +0x50 raster/chunk list, updates counts, and releases nodes
0x1000f128	hp1020_work_mark_page_done_candidate	function	medium	Marks a video/page work object done and updates raster-list counts
0x1000f204	hp1020_work_common_init_candidate	function	medium	Common initializer for job/work objects
0x1000f228	hp1020_video_work_create_candidate	function	high	Allocates and initializes 0x94-byte video/page work object
0x1000f280	hp1020_work_mode_normalize_candidate	function	low	Normalizes work mode field 0x200 to 0x100
0x100104c8	hp1020_work_populate_from_page_params_candidate	function	high	Copies selected page-parameter fields into video/page work object
0x10014910	hp1020_video_prepare_page_candidate	function	high	Video page preparation and raster setup
0x10015214	hp1020_video_render_or_dma_candidate	function	high	Video transfer/DMA-like register path
0x10015438	hp1020_video_alt_render_candidate	function	medium	Alternate video render path
0x10015458	hp1020_video_reset_or_flush_candidate	function	high	Video reset/flush MMIO path
0x10000370	hp1020_sys_interface_table	data	high	System-interface table, 75 entries
0x100048f0	hp1020_print_mgr_dispatch_table	data	high	Print manager dispatch table for messages 0x0b through 0x43
0x10005710	hp1020_video_reset_dispatch_table	data	high	Video reset dispatch table, cases 0 through 7
0x10005d88	hp1020_descriptor_dprintf_mutex	data	medium	Descriptor/string table anchor for dprintf mutex
0x10005f14	hp1020_descriptor_usb2_idle_thread	data	high	USB2IdleThread descriptor block
0x10005fc4	hp1020_descriptor_usb2_thread	data	high	USB2Thread descriptor block
0x10006054	hp1020_descriptor_acl_download	data	high	agiACLDownload descriptor block
0x100062d4	hp1020_descriptor_job_mgr_queue	data	high	Job Mgr Queue descriptor block
0x10006330	hp1020_descriptor_print_mgr_queue	data	high	PrintMgrQueue descriptor block
0x10006338	hp1020_print_mgr_state_ptr_word	data	medium	PrintMgr state pointer word
0x10006340	hp1020_print_mgr_notify_state_ptr_word	data	medium	PrintMgr notification-state pointer word
0x10006344	hp1020_print_mgr_pending_media_ptr_word	data	medium	PrintMgr pending media/status pointer word
0x100063b8	hp1020_descriptor_status_mgr_queue	data	high	StatusMgrQueue descriptor block
0x100063d8	hp1020_status_state_object_ptr	data	high	Pointer to status state object at 0x1002adb4
0x10006464	hp1020_datastore_lock_table_ptr	data	high	Pointer to data-store per-entry lock table at 0x1002c0b0
0x1000647c	hp1020_datastore_descriptor_table_ptr	data	high	Pointer to indexed data-store descriptor table at 0x1001ce14
0x10006490	hp1020_datastore_subscriber_table_ptr_word	data	high	Pointer word to indexed data-store subscriber table
0x10006434	hp1020_descriptor_delay_mgr_semaphore	data	medium	DelayMgr Semaphore descriptor block
0x1000643c	hp1020_descriptor_delay_mgr_msg_queue	data	high	DelayMgr Msg Queue descriptor block
0x1000676c	hp1020_video_queue_object_ptr_word	data	high	Descriptor word points at video queue object 0x1002ee38
0x10006770	hp1020_video_state_ptr_word	data	high	Pointer word to video state object at 0x1002efc0
0x10006778	hp1020_video_queue_name_region	data	medium	Region containing Video Queue string evidence
0x10006784	hp1020_video_thread_name_ptr_word	data	medium	Descriptor word points at tVideo string
0x10006788	hp1020_video_thread_entry_word	data	high	Descriptor word points at video thread entry 0x10013c18
0x1000691c	hp1020_engine_status_reg_table_word	data	medium	Literal table word for 0xb050000c status/ready candidate
0x10006928	hp1020_engine_command_reg_table_word	data	medium	Literal table word for 0xb0500004 command/control candidate
0x10006014	hp1020_status_code_offset_table_ptr	data	high	Pointer to status code offset halfword-pair table
0x1001be40	hp1020_status_code_offset_table	data	high	Status code offset halfword-pair table used by PJL CODE conversion
0x1001ce14	hp1020_datastore_descriptor_table	data	high	Indexed data-store descriptor table, entry size 0x18
0x1002c0b0	hp1020_datastore_lock_table	data	high	Indexed data-store lock table, entry size 0x1c
0x1002c56c	hp1020_datastore_subscriber_table_candidate	data	medium	Indexed data-store subscriber list table
0x10006738	hp1020_control_panel_datastore_callback_ptr_word	data	medium	Pointer word to control-panel data-store callback 0x10013764
0x100069b4	hp1020_engine_density_callback_ptr_word	data	medium	Pointer word to engine DENSITY callback 0x10016318
0x100069b8	hp1020_engine_media_callback_ptr_word	data	medium	Pointer word to engine media/status callback 0x100162cc
0x10006aec	hp1020_descriptor_system_timer_thread	data	medium	System Timer Thread descriptor block
0x1002c918	hp1020_queue_table_candidate	data	high	Runtime queue table base read by indexed queue send
0x10028a74	hp1020_print_mgr_queue_object_candidate	data	medium	PrintMgrQueue object candidate
0x1002f134	hp1020_engine_queue_object_candidate	data	medium	Engine queue object candidate
0x1002386c	hp1020_job_mgr_queue_object_candidate	data	medium	Job manager queue object candidate
0x1002ee38	hp1020_video_queue_object_candidate	data	high	Video Queue object candidate
0x1002efc0	hp1020_video_state_object	data	high	Video state object used by VideoThread prepare/render/reset paths
0x10023e28	hp1020_jobmgr_video_hw_runtime_block	data	medium	Runtime 20-byte block copied by JobMgr 0x29 into work +0x84/+0x88/+0x8c/+0x90
0x10028adc	hp1020_status_mgr_queue_object_candidate	data	medium	StatusMgrQueue object candidate
0x1002adb4	hp1020_status_state_object	data	high	Status state object used by status updater
0x1001d694	hp1020_delay_mgr_queue_object_candidate	data	medium	DelayMgr queue object candidate
